Date,Open,High,Low,Close,Simple,Log
2024-03-21,47.0,57.79999923706055,45.04999923706055,50.439998626708984,,
2024-03-22,48.880001068115234,51.0,45.34000015258789,46.0,-0.08802535185553939,-0.0921430873813939
2024-03-25,47.09000015258789,61.939998626708984,46.08000183105469,59.79999923706055,0.29999998341435963,0.26236425170930605
2024-03-26,67.70999908447266,74.9000015258789,63.209999084472656,65.11000061035156,0.08879601071968213,0.08507250842452953
2024-03-27,63.7599983215332,63.7599983215332,55.619998931884766,57.75,-0.11303947997784891,-0.11995480722102787
2024-03-28,54.52000045776367,55.29999923706055,49.099998474121094,49.31999969482422,-0.1459740312584551,-0.1577936772934273
2024-04-01,48.95000076293945,49.279998779296875,44.39500045776367,45.970001220703125,-0.06792373266118756,-0.07034063573599682
2024-04-02,45.05500030517578,51.349998474121094,44.0,50.45000076293945,0.0974548493207068,0.09299372554982402
2024-04-03,49.70000076293945,51.2400016784668,46.54999923706055,46.9900016784668,-0.0685827360187945,-0.07104791308791963
2024-04-04,46.70000076293945,48.43000030517578,45.099998474121094,45.779998779296875,-0.02575022038623176,-0.026087560974513396
2024-04-05,45.68000030517578,48.290000915527344,44.68000030517578,47.560001373291016,0.03888166538787918,0.03814481283762713
2024-04-08,47.86000061035156,49.18000030517578,45.040000915527344,46.150001525878906,-0.02964675792048954,-0.030095106685171336
2024-04-09,46.400001525878906,47.4900016784668,44.900001525878906,45.0,-0.024918775468166232,-0.025234504242005767
2024-04-10,44.0,44.597999572753906,41.720001220703125,42.09000015258789,-0.0646666632758246,-0.06685230336256388
2024-04-11,42.04999923706055,46.349998474121094,42.0099983215332,44.529998779296875,0.057970981655103726,0.05635290551280465
2024-04-12,43.470001220703125,43.86000061035156,42.15999984741211,42.27000045776367,-0.05075226551732881,-0.05208546651234523
2024-04-15,41.939998626708984,42.099998474121094,39.68000030517578,40.0,-0.05370239964941248,-0.05519817129427893
2024-04-16,40.5,42.13999938964844,39.31999969482422,41.13999938964844,0.02849998474121085,0.028101415274910526
2024-04-17,40.400001525878906,40.60499954223633,38.70000076293945,39.16999816894531,-0.047885300192756275,-0.04906976845746211
2024-04-18,38.79999923706055,42.130001068115234,37.349998474121094,41.720001220703125,0.06510092343531171,0.0630695584606093
2024-04-19,40.56999969482422,43.83000183105469,40.16999816894531,40.880001068115234,-0.020134231256231372,-0.020339687368482122
2024-04-22,40.880001068115234,42.56999969482422,40.5099983215332,42.040000915527344,0.028375729381202586,0.027980595762767634
2024-04-23,42.06999969482422,44.060001373291016,41.821998596191406,42.81999969482422,0.018553728884643794,0.018383708248311984
2024-04-24,42.65999984741211,43.970001220703125,42.45000076293945,43.150001525878906,0.007706721938500527,0.007677176857043983
2024-04-25,41.63999938964844,42.63999938964844,40.849998474121094,42.45000076293945,-0.016222496829336852,-0.016355522161618712
2024-04-26,42.97999954223633,46.19900131225586,42.650001525878906,45.43000030517578,0.07020022352597888,0.06784575575878943
2024-04-29,46.04999923706055,48.880001068115234,45.849998474121094,46.279998779296875,0.01871006974270828,0.01853718946019699
2024-04-30,45.470001220703125,46.755001068115234,44.150001525878906,44.439998626708984,-0.039757999159909296,-0.040569942079712706
2024-05-01,44.869998931884766,47.70000076293945,44.599998474121094,45.880001068115234,0.03240329626249783,0.03188938167250739
2024-05-02,46.61000061035156,49.638999938964844,45.720001220703125,47.70000076293945,0.03966869338390322,0.038902098347034994
2024-05-03,48.439998626708984,48.70000076293945,46.2400016784668,46.63999938964844,-0.0222222506569556,-0.022472884933036334
2024-05-06,46.9900016784668,49.869998931884766,46.75,48.27000045776367,0.03494856538263602,0.03435173020000366
2024-05-07,47.72999954223633,50.33000183105469,47.400001525878906,49.400001525878906,0.023410007404163657,0.023140195926312706
2024-05-08,55.0,55.15999984741211,49.70000076293945,51.400001525878906,0.04048582870897821,0.03968774706536563
2024-05-09,51.2400016784668,51.25,48.25,50.11000061035156,-0.025097293331360127,-0.025417600995611033
2024-05-10,50.63999938964844,54.75,50.380001068115234,53.529998779296875,0.06824981295727262,0.06602162044932819
2024-05-13,56.4900016784668,61.209999084472656,55.59000015258789,58.189998626708984,0.08705398755238525,0.08347127346726153
2024-05-14,62.56999969482422,64.5,59.5,62.34000015258789,0.07131812379823765,0.06888978171840567
2024-05-15,60.22999954223633,60.93000030517578,56.25,59.630001068115234,-0.04347127170098597,-0.044444455739468675
2024-05-16,59.5,60.459999084472656,56.290000915527344,56.380001068115234,-0.05450276608728433,-0.05604431641649686
2024-05-17,61.20000076293945,66.1500015258789,60.619998931884766,62.040000915527344,0.10039020468577164,0.09566484843448965
2024-05-20,61.900001525878906,62.0,57.27000045776367,61.220001220703125,-0.013217274060661532,-0.013305399608507795
2024-05-21,60.7400016784668,62.459999084472656,58.84000015258789,59.310001373291016,-0.031198951475456593,-0.03169600445178469
2024-05-22,59.0,60.45000076293945,55.86000061035156,56.689998626708984,-0.044174720720237426,-0.04518014489345528
2024-05-23,56.880001068115234,57.2599983215332,53.11000061035156,54.15999984741211,-0.04462866185544212,-0.04565517832497391
2024-05-24,53.959999084472656,56.0,53.209999084472656,54.720001220703125,0.01033975950643895,0.010286669835800254
2024-05-28,55.119998931884766,59.275001525878906,53.862998962402344,58.4900016784668,0.06889620565902521,0.06662653252911363
2024-05-29,57.45000076293945,58.630001068115234,56.80099868774414,57.63999938964844,-0.014532437415389787,-0.014639067609286101
2024-05-30,57.0,59.4900016784668,55.7599983215332,56.29999923706055,-0.02324774751521841,-0.0235222389479713
2024-05-31,56.209999084472656,57.52000045776367,53.45000076293945,54.2400016784668,-0.03658965517778756,-0.03727584701699818
2024-06-03,57.54999923706055,58.63999938964844,54.81999969482422,55.79999923706055,0.028761016045710575,0.028355181137191182
2024-06-04,55.20000076293945,55.400001525878906,53.95500183105469,54.5,-0.02329747768521706,-0.023573154045316718
2024-06-05,54.790000915527344,60.2400016784668,54.57099914550781,60.06999969482422,0.10220182926282972,0.09730984211253571
2024-06-06,58.9900016784668,63.56999969482422,58.380001068115234,63.459999084472656,0.056434150272528294,0.05489922794647412
2024-06-07,61.630001068115234,63.79999923706055,59.209999084472656,59.79999923706055,-0.05767412386092574,-0.05940412352980706
2024-06-10,60.0099983215332,61.380001068115234,58.2599983215332,59.630001068115234,-0.0028427787811735605,-0.0028468271510064874
2024-06-11,60.119998931884766,62.04899978637695,58.494998931884766,61.54999923706055,0.03219852648924326,0.031691019187625846
2024-06-12,62.875,69.58999633789062,61.849998474121094,65.93000030517578,0.0711616754249762,0.06874373751897261
2024-06-13,66.83000183105469,69.04199981689453,63.63999938964844,63.959999084472656,-0.02988019432101341,-0.03033570410230073
2024-06-14,63.540000915527344,64.94000244140625,60.11000061035156,60.939998626708984,-0.047217018464542626,-0.048368122629262836
2024-06-17,61.0,61.130001068115234,58.099998474121094,60.349998474121094,-0.009681656808067318,-0.009728828762715478
2024-06-18,61.11000061035156,61.638999938964844,57.5,60.209999084472656,-0.002319791105023339,-0.002322485988927301
2024-06-20,60.0,60.099998474121094,55.470001220703125,57.41999816894531,-0.0463378335484288,-0.04744579346666577
2024-06-21,56.400001525878906,57.650001525878906,54.45000076293945,57.29999923706055,-0.0020898456236744245,-0.002092032398251857
2024-06-24,57.31999969482422,58.88999938964844,55.95000076293945,56.47999954223633,-0.014310640588872103,-0.01441402532576341
2024-06-25,56.560001373291016,61.56999969482422,56.41999816894531,61.380001068115234,0.08675640165709697,0.08319748151316615
2024-06-26,60.5,63.880001068115234,60.33000183105469,63.61000061035156,0.03633104436999979,0.03568663369265498
2024-06-27,62.83399963378906,64.69999694824219,62.029998779296875,63.58000183105469,-0.0004716047635439091,-0.0004717160040461498
2024-06-28,64.06999969482422,65.81999969482422,62.66999816894531,63.88999938964844,0.004875708550897473,0.004863860779208567
2024-07-01,64.19999694824219,66.69000244140625,62.20000076293945,66.58999633789062,0.04226008724425889,0.04139151606655559
2024-07-02,65.98999786376953,73.5199966430664,65.6500015258789,73.51000213623047,0.10391960022382918,0.09886711931875741
2024-07-03,71.93000030517578,73.97200012207031,70.18000030517578,73.62000274658203,0.0014964033077800032,0.0014952848120250361
2024-07-05,73.77999877929688,76.19999694824219,71.58000183105469,72.97000122070312,-0.00882914291807857,-0.008868350752063062
2024-07-08,72.76000213623047,74.11599731445312,70.9000015258789,72.80999755859375,-0.0021927320739030254,-0.0021951396309391907
2024-07-09,73.4800033569336,76.73999786376953,69.19999694824219,70.58999633789062,-0.030490335052086537,-0.03096483534663134
2024-07-10,71.2300033569336,72.27999877929688,67.62000274658203,69.4000015258789,-0.016857839265433827,-0.01700155002930734
2024-07-11,70.5,71.89099884033203,68.3280029296875,70.29000091552734,0.01282419841614213,0.0127426647133289
2024-07-12,70.75,76.7300033569336,69.4000015258789,73.8499984741211,0.05064728285993425,0.049406434102705996
2024-07-15,74.69000244140625,78.08000183105469,72.53099822998047,72.9800033569336,-0.011780570550619096,-0.011850511309226748
2024-07-16,70.66999816894531,70.69000244140625,66.7699966430664,70.44000244140625,-0.03480406684971782,-0.03542415871891645
2024-07-17,68.4800033569336,69.79000091552734,63.790000915527344,65.20999908447266,-0.07424763168178539,-0.07714850092194432
2024-07-18,66.73999786376953,66.73999786376953,63.9379997253418,65.91999816894531,0.010887886741923314,0.010829040458860401
2024-07-19,65.75,68.2699966430664,64.5,64.69999694824219,-0.018507300585421826,-0.01868070348525812
2024-07-22,66.93000030517578,70.45999908447266,65.54499816894531,68.12999725341797,0.05301391757281948,0.05165645013269841
2024-07-23,67.80000305175781,71.41000366210938,67.01000213623047,67.83999633789062,-0.004256581934806936,-0.004265666969653257
2024-07-24,65.66500091552734,66.30000305175781,62.180999755859375,62.95000076293945,-0.0720813065878656,-0.0748111648919561
2024-07-25,62.900001525878906,64.36000061035156,59.72999954223633,62.060001373291016,-0.014138195057376457,-0.014239091461450602
2024-07-26,62.900001525878906,64.31999969482422,61.22999954223633,62.36000061035156,0.004834019181792382,0.004822372828450519
2024-07-29,62.970001220703125,62.97999954223633,58.720001220703125,59.97999954223633,-0.038165507453830294,-0.03891288828820034
2024-07-30,60.060001373291016,60.59000015258789,57.36000061035156,58.439998626708984,-0.025675240534853927,-0.026010602305587875
2024-07-31,59.380001068115234,61.27000045776367,59.310001373291016,60.849998474121094,0.041238875839238354,0.04041123097412848
2024-08-01,64.4000015258789,64.63999938964844,59.20000076293945,59.380001068115234,-0.02415772297235197,-0.024454307034057033
2024-08-02,56.2400016784668,57.810001373291016,54.11000061035156,57.58000183105469,-0.030313223386367993,-0.030782170339193116
2024-08-05,53.25,59.130001068115234,52.7599983215332,56.810001373291016,-0.013372706378560473,-0.013462926241776791
2024-08-06,58.099998474121094,58.5,54.34000015258789,54.36000061035156,-0.04312622256142584,-0.04408379023154154
2024-08-07,54.79999923706055,55.2400016784668,49.130001068115234,50.689998626708984,-0.06751291284834371,-0.06989997511859031
2024-08-08,51.95000076293945,57.742000579833984,51.7599983215332,54.939998626708984,0.08384296932611557,0.08051303027862515
2024-08-09,53.970001220703125,54.11000061035156,51.5,52.90999984741211,-0.03694937804949261,-0.037649301638805026
2024-08-12,52.5,52.970001220703125,50.79999923706055,52.5099983215332,-0.007560036420950267,-0.007588758347066586
2024-08-13,53.04999923706055,54.689998626708984,52.540000915527344,54.52000045776367,0.03827846506340893,0.0375640195395243
2024-08-14,53.70000076293945,55.029998779296875,53.20000076293945,54.95000076293945,0.007887019471118695,0.00785607950929469
2024-08-15,55.25,56.849998474121094,54.18000030517578,55.54999923706055,0.010918989368345233,0.010859807617476668
2024-08-16,54.869998931884766,55.13999938964844,53.900001525878906,54.91999816894531,-0.01134115349717102,-0.011405954791984155
2024-08-19,54.790000915527344,54.900001525878906,52.4900016784668,54.36000061035156,-0.010196605558344674,-0.010248947048474568
2024-08-20,53.5,55.060001373291016,52.38999938964844,55.02000045776367,0.012141277409890794,0.012068163305482308
2024-08-21,54.880001068115234,57.11000061035156,54.27000045776367,56.88999938964844,0.03398762116187681,0.0334228042175505
2024-08-22,56.5,57.45000076293945,55.29999923706055,56.43000030517578,-0.008085763568427051,-0.008118630644839269
2024-08-23,56.5099983215332,59.68000030517578,56.130001068115234,59.209999084472656,0.0492645536817744,0.048089493692217475
2024-08-26,59.290000915527344,59.97999954223633,57.5099983215332,58.2599983215332,-0.016044600196397973,-0.016174708359954208
2024-08-27,57.720001220703125,60.27000045776367,56.540000915527344,59.0,0.01270171129052855,0.012621721184365971
2024-08-28,57.880001068115234,57.93000030517578,55.02000045776367,56.13999938964844,-0.048474586616128135,-0.049688883843938186
2024-08-29,57.584999084472656,60.290000915527344,57.099998474121094,58.75,0.04649092694562462,0.045442592962487025
2024-08-30,59.0,60.40999984741211,58.474998474121094,60.029998779296875,0.021787213264627736,0.021553263904598618
2024-09-03,59.244998931884766,60.07500076293945,57.4900016784668,57.529998779296875,-0.041645844591657766,-0.0425378872722141
2024-09-04,56.720001220703125,58.810001373291016,56.060001373291016,57.0,-0.009212563715325528,-0.009255261822102635
2024-09-05,56.79999923706055,59.564998626708984,56.380001068115234,58.709999084472656,0.02999998393811687,0.02955878664748299
2024-09-06,59.2400016784668,60.40999984741211,55.79999923706055,56.849998474121094,-0.031681155499174385,-0.032193861125926496
2024-09-09,57.13999938964844,58.5,55.250999450683594,57.459999084472656,0.010730002229098368,0.010672844261738002
2024-09-10,57.52000045776367,57.869998931884766,55.47999954223633,56.869998931884766,-0.010268015349609083,-0.010321095080835717
2024-09-11,56.5,60.0,55.84000015258789,59.869998931884766,0.052751891266838324,0.051407584559676395
2024-09-12,60.0,62.659000396728516,59.380001068115234,59.630001068115234,-0.004008649875584247,-0.004016706049290706
2024-09-13,59.630001068115234,60.25,58.040000915527344,59.09000015258789,-0.009055859564894186,-0.009097113107515029
2024-09-16,58.599998474121094,60.099998474121094,57.220001220703125,59.150001525878906,0.001015423474971744,0.0010149082812853287
2024-09-17,61.369998931884766,61.97999954223633,59.310001373291016,61.88999938964844,0.046322870550912,0.04528198966822847
2024-09-18,61.91999816894531,64.08999633789062,61.540000915527344,63.65999984741211,0.028599135162695077,0.028197813567634154
2024-09-19,64.98999786376953,67.19000244140625,63.900001525878906,64.55999755859375,0.014137570112140452,0.014038566688583342
2024-09-20,64.81999969482422,66.94000244140625,64.16999816894531,66.16999816894531,0.02493805252843062,0.024632174206380503
2024-09-23,66.0,66.95999908447266,64.77999877929688,65.0,-0.0176817016974683,-0.01783989045635411
2024-09-24,65.27999877929688,67.27999877929688,63.599998474121094,66.95999908447266,0.03015383206881017,0.029708142612832694
2024-09-25,66.95999908447266,69.11000061035156,66.3499984741211,67.87999725341797,0.01373951883996738,0.013645987395238677
2024-09-26,69.0,69.0,65.70999908447266,66.5199966430664,-0.02003536631379399,-0.020238796044009695
2024-09-27,66.58999633789062,68.3499984741211,66.12000274658203,67.08000183105469,0.008418599161890583,0.008383360391890578
2024-09-30,66.94000244140625,67.80999755859375,65.31999969482422,65.91999816894531,-0.01729283885577282,-0.01744410642729519
2024-10-01,65.93000030517578,66.61000061035156,64.51499938964844,65.97000122070312,0.0007585414615707275,0.000758253914398047
2024-10-02,65.48999786376953,68.30999755859375,64.9000015258789,67.77999877929688,0.02743667614221179,0.0270670364304295
2024-10-03,68.05999755859375,68.97000122070312,67.3499984741211,67.47000122070312,-0.004573584599833813,-0.0045840754372558695
2024-10-04,69.5199966430664,72.87999725341797,68.80000305175781,72.37999725341797,0.07277302421640108,0.07024690745703147
2024-10-07,72.98999786376953,73.41999816894531,70.12999725341797,70.44000244140625,-0.02680291358977782,-0.027168661901519214
2024-10-08,70.75,72.9800033569336,70.23999786376953,70.7699966430664,0.0046847556817541935,0.004673816365898601
2024-10-09,73.63999938964844,75.19999694824219,70.44000244140625,71.0,0.003250012262875135,0.003244742388038877
2024-10-10,70.69000244140625,71.66000366210938,69.30000305175781,69.9000015258789,-0.01549293625522663,-0.015614205972096019
2024-10-11,69.94999694824219,73.25,69.73999786376953,73.25,0.047925585135800475,0.046812576827957315
2024-10-14,73.75,75.66999816894531,72.81999969482422,74.87000274658203,0.022116078451631882,0.02187506503009707
2024-10-15,74.80000305175781,76.4800033569336,74.13999938964844,75.16999816894531,0.004006884083852524,0.0039988779032543165
2024-10-16,75.16000366210938,77.87000274658203,73.58999633789062,77.26000213623047,0.027803698525944442,0.027424194057496267
2024-10-17,76.9800033569336,78.73999786376953,75.94000244140625,76.29000091552734,-0.012555024513107638,-0.012634504785265939
2024-10-18,76.61000061035156,81.36000061035156,76.41999816894531,80.9000015258789,0.06042732409265561,0.05867196282298412
2024-10-21,80.55500030517578,80.55500030517578,77.9000015258789,78.55000305175781,-0.029048188254599205,-0.02947843937296341
2024-10-22,77.7699966430664,78.5,76.54000091552734,77.29000091552734,-0.016040764955798092,-0.01617081058864648
2024-10-23,77.69000244140625,80.12999725341797,76.6510009765625,77.68000030517578,0.005045922952888526,0.005033234947564198
2024-10-24,77.8550033569336,78.71499633789062,77.13999938964844,78.5999984741211,0.011843436731861168,0.011773852110246022
2024-10-25,79.0199966430664,81.72000122070312,79.0199966430664,81.36000061035156,0.03511453167698453,0.034512079220224215
2024-10-28,82.20999908447266,82.52999877929688,79.44999694824219,79.68000030517578,-0.020648971147648076,-0.0208651421358072
2024-10-29,79.7249984741211,82.9749984741211,79.0999984741211,81.73999786376953,0.0258533829154608,0.025524834895314267
2024-10-30,104.9000015258789,118.2490005493164,104.11000061035156,116.05000305175781,0.41974560906118974,0.3504777070156934
2024-10-31,117.40499877929688,123.5999984741211,114.80000305175781,119.30000305175781,0.02800516944881526,0.027620195667037214
2024-11-01,114.0,115.5,110.5,112.9800033569336,-0.05297568762074811,-0.054430513074653575
2024-11-04,110.76499938964844,112.9800033569336,108.68499755859375,109.02999877929688,-0.034961979644819174,-0.03558777908749081
2024-11-05,110.5,122.68000030517578,110.2699966430664,122.56999969482422,0.12418601363956339,0.11705923034100509
2024-11-06,124.1500015258789,124.93000030517578,117.16000366210938,121.08000183105469,-0.012156301439824935,-0.012230793587063
2024-11-07,121.56999969482422,133.25,121.56999969482422,131.44000244140625,0.0855632677046625,0.08209899302711171
2024-11-08,130.02999877929688,134.8000030517578,128.3300018310547,134.8000030517578,0.025562998690976002,0.025241728814044795
2024-11-11,139.0,139.0399932861328,128.3000030517578,129.22999572753906,-0.04132052817595333,-0.04219849164116631
2024-11-12,126.66000366210938,130.47000122070312,125.69000244140625,127.75,-0.011452416439441837,-0.011518500392379246
2024-11-13,128.8000030517578,135.07000732421875,128.8000030517578,132.05999755859375,0.03373774996942269,0.03318111719551264
2024-11-14,132.05999755859375,133.99000549316406,129.72000122070312,131.8800048828125,-0.0013629613744419178,-0.0013638910511343254
2024-11-15,128.7899932861328,131.69000244140625,123.13999938964844,124.77999877929688,-0.05383686564028134,-0.055340278328394735
2024-11-18,125.55999755859375,130.1300048828125,124.66000366210938,129.4199981689453,0.03718544185799666,0.03651073858116386
2024-11-19,129.00999450683594,138.5399932861328,128.72000122070312,137.16000366210938,0.059805328408830905,0.0580852388133014
2024-11-20,137.15499877929688,138.38999938964844,130.00999450683594,136.27000427246094,-0.006488767613632707,-0.006509911179624551
2024-11-21,141.27000427246094,158.49000549316406,139.57000732421875,158.02000427246094,0.15960959358680737,0.14808339121741826
2024-11-22,145.41000366210938,149.0,142.91000366210938,146.6699981689453,-0.07182638777775086,-0.07453648155757266
2024-11-25,149.5,152.13999938964844,139.22000122070312,141.89999389648438,-0.032522017672397374,-0.03306261162128275
2024-11-26,141.64999389648438,144.80999755859375,132.47500610351562,135.61000061035156,-0.044326945431169995,-0.045339417552561274
2024-11-27,137.8000030517578,141.19000244140625,134.4499969482422,140.0399932861328,0.03266715327662273,0.03214492454332776
2024-11-29,143.42999267578125,143.92999267578125,140.25999450683594,140.69000244140625,0.0046415965898065625,0.00463085759824448
2024-12-02,144.0,145.5800018310547,138.75,141.63999938964844,0.006752412621769954,0.0067297171923160915
2024-12-03,141.0,151.55999755859375,141.0,149.8300018310547,0.05782266645508627,0.05621270734140654
2024-12-04,150.83999633789062,157.75,150.6300048828125,154.22999572753906,0.02936657440240653,0.028943636757708377
2024-12-05,155.5800018310547,156.66700744628906,151.25,153.08999633789062,-0.0073915543099822845,-0.007419007210937271
2024-12-06,152.05999755859375,163.72000122070312,149.3300018310547,162.75999450683594,0.06316544777754318,0.06125072956069676
2024-12-09,171.5,180.74000549316406,157.0500030517578,167.1699981689453,0.027095132778000686,0.026734558377887845
2024-12-10,168.30999755859375,176.67300415039062,151.75999450683594,155.92999267578125,-0.06723697802403927,-0.06960410613569407
2024-12-11,164.0,168.66099548339844,161.0,165.9199981689453,0.06406724788306684,0.06209859181985287
2024-12-12,164.00999450683594,172.5,163.23899841308594,163.50999450683594,-0.014525094555843832,-0.014631616494233177
2024-12-13,164.35000610351562,174.0,163.50999450683594,172.64999389648438,0.0558987199358405,0.054392271532826754
2024-12-16,169.27000427246094,180.36000061035156,166.1999969482422,178.10000610351562,0.03156682536750566,0.03107883608173377
2024-12-17,177.14999389648438,177.57000732421875,167.32000732421875,168.7899932861328,-0.05227407354479052,-0.05368992564139164
2024-12-18,172.4499969482422,174.38499450683594,157.75,160.64999389648438,-0.04822560408453547,-0.04942725135514538
2024-12-19,163.89999389648438,166.60000610351562,157.22000122070312,163.72000122070312,0.019109912485878677,0.018929611511004713
2024-12-20,162.99000549316406,174.11000061035156,158.77000427246094,170.7100067138672,0.042694878090925314,0.041808590641496564
2024-12-23,171.25,173.82000732421875,166.3730010986328,168.61000061035156,-0.012301599325899581,-0.012377890311949758
2024-12-24,169.0,178.10000610351562,168.88999938964844,177.41000366210938,0.0521914656301683,0.05087509930483503
2024-12-26,177.8000030517578,182.1999969482422,174.77000427246094,176.74000549316406,-0.003776552365228336,-0.0037837015442874905
2024-12-27,175.52999877929688,176.52999877929688,167.8000030517578,173.5399932861328,-0.018105760481913147,-0.01827167549271658
2024-12-30,167.375,169.7899932861328,162.25999450683594,165.52999877929688,-0.04615647583683524,-0.04725564178006025
2024-12-31,166.0,167.67799377441406,162.63999938964844,163.44000244140625,-0.012626088040254557,-0.01270647445056469
2025-01-02,164.42999267578125,168.5,156.03599548339844,165.91000366210938,0.015112586782961124,0.014999529281134315
2025-01-03,167.52999877929688,181.22000122070312,166.96499633789062,177.74000549316406,0.07130372834628806,0.06887634448781325
2025-01-06,182.0,187.69000244140625,174.5,179.49000549316406,0.009845841937184518,0.009797687458395979
2025-01-07,180.25,183.1199951171875,171.10800170898438,172.32000732421875,-0.03994650370222641,-0.040766270762671725
2025-01-08,167.58999633789062,174.33999633789062,166.0,172.00999450683594,-0.0017990529492000196,-0.0018006731885128577
2025-01-10,169.0,169.6999969482422,159.8000030517578,167.0800018310547,-0.028661082688339556,-0.029079832135031417
2025-01-13,160.44000244140625,165.5,156.5800018310547,164.64999389648438,-0.014543978381251432,-0.014650778835387688
2025-01-14,169.60000610351562,172.18899536132812,161.05999755859375,164.82000732421875,0.0010325747588018075,0.0010320420201823124
2025-01-15,170.08999633789062,178.8300018310547,167.5,170.69000244140625,0.03561457866969131,0.034995046306482085
2025-01-16,171.75999450683594,176.81900024414062,169.72999572753906,174.8699951171875,0.024488796156741266,0.024193752723638953
2025-01-17,178.27999877929688,179.8699951171875,172.14999389648438,175.3300018310547,0.002630564000181579,0.0026271101224736872
2025-01-21,177.5,191.0,175.60000610351562,188.32000732421875,0.07408889156164511,0.07147275947886313
2025-01-22,187.47000122070312,188.19000244140625,181.52000427246094,183.74000549316406,-0.024320314639588947,-0.024620937664659028
2025-01-23,182.0,187.6999969482422,178.5,181.99000549316406,-0.009524327569834012,-0.009569974043523747
2025-01-24,183.6300048828125,190.5,180.0,182.39999389648438,0.002252807247350219,0.0022502734817801116
2025-01-27,174.22000122070312,183.58999633789062,170.1999969482422,180.8300018310547,-0.008607412927440605,-0.008644670655250817
2025-01-28,184.0,196.8300018310547,181.80999755859375,194.75,0.07697836657630774,0.07415931122813481
2025-01-29,201.0,205.57000732421875,195.67100524902344,202.0,0.037227214377406836,0.03655101265034702
2025-01-30,204.99000549316406,208.6199951171875,195.69000244140625,198.92999267578125,-0.015198056060488851,-0.01531473017038991
2025-01-31,201.83999633789062,206.60000610351562,197.0500030517578,199.5500030517578,0.003116726480692389,0.003111879557126636
2025-02-03,189.1199951171875,205.5,188.9499969482422,202.30999755859375,0.013831092280765622,0.013736315633730838
2025-02-04,208.86500549316406,218.25,207.14300537109375,215.30999755859375,0.06425782292956073,0.062277676349389
2025-02-05,213.5,221.17999267578125,211.0,221.16000366210938,0.02717015544957979,0.0268075992573131
2025-02-06,222.44000244140625,222.44000244140625,209.0,216.50999450683594,-0.02102554294752934,-0.02124972764749369
2025-02-07,218.58999633789062,227.0500030517578,218.1999969482422,225.22999572753906,0.040275282628709386,0.03948537296308144
2025-02-10,228.8000030517578,230.41000366210938,221.5,224.92999267578125,-0.001331985336982977,-0.0013328732179691593
2025-02-11,222.02999877929688,222.47999572753906,211.3300018310547,213.75999450683594,-0.049659887665785774,-0.050935345475523475
2025-02-12,213.60000610351562,220.75,211.0,216.47000122070312,0.01267780119530526,0.012598110700427528
2025-02-13,203.9149932861328,214.3000030517578,195.97999572753906,204.9499969482422,-0.0532175553540819,-0.0546859432908059
2025-02-14,202.0,203.9499969482422,192.57000732421875,196.3800048828125,-0.04181503875598469,-0.042714449454844636
2025-02-18,193.39999389648438,196.75799560546875,183.8000030517578,187.1300048828125,-0.04710255509729633,-0.0482479940223926
2025-02-19,185.5,190.91700744628906,183.9600067138672,189.66000366210938,0.013520005949239744,0.013429426181539738
2025-02-20,187.6999969482422,187.75,170.60000610351562,175.44000244140625,-0.07497627831979226,-0.07793589673885673
2025-02-21,175.5,176.5050048828125,161.88299560546875,166.39999389648438,-0.0515276357679092,-0.05290262631821085
2025-02-24,164.77000427246094,166.3800048828125,154.1999969482422,165.57000732421875,-0.004987900256666733,-0.005000381351419538
2025-02-25,164.0,166.99000549316406,154.74000549316406,159.99000549316406,-0.03370176713302875,-0.0342827627408653
2025-02-26,161.9600067138672,170.3000030517578,161.22000122070312,168.10000610351562,0.05069067024126128,0.04944772910836576
2025-02-27,170.41000366210938,172.13999938964844,156.0,159.77999877929688,-0.04949439037554415,-0.050761215309410614
2025-02-28,156.89999389648438,163.3800048828125,155.4499969482422,161.77999877929688,0.012517211260982597,0.012439518630358701
2025-03-03,165.4550018310547,174.22000122070312,160.39999389648438,162.4499969482422,0.004141415341826882,0.004132863284925672
2025-03-04,157.86000061035156,164.64999389648438,148.26499938964844,159.1699981689453,-0.020190820812030608,-0.020397441391285433
2025-03-05,161.0,169.99000549316406,158.31700134277344,168.52000427246094,0.05874226431536056,0.05708166052566221
2025-03-06,160.5,166.11000061035156,150.52999877929688,150.72000122070312,-0.10562546048229982,-0.1116306435364597
2025-03-07,147.02000427246094,148.3000030517578,131.25999450683594,133.97999572753906,-0.11106691452749695,-0.11773331573587326
2025-03-10,127.75,127.75,105.51000213623047,107.29000091552734,-0.1992088047702908,-0.22215504600946692
2025-03-11,111.0,123.48999786376953,110.0,122.7300033569336,0.14390905312381008,0.13445139077974325
2025-03-12,134.7899932861328,136.47000122070312,126.12000274658203,130.67999267578125,0.06477624950214356,0.0627646827242914
2025-03-13,130.0,131.67999267578125,118.56999969482422,121.52999877929688,-0.07001832269141328,-0.07259039484764276
2025-03-14,126.51000213623047,130.8300018310547,123.44999694824219,128.2100067138672,0.054965917894078675,0.05350846109253243
2025-03-17,123.62000274658203,142.0,119.91999816894531,125.55999755859375,-0.020669284895894258,-0.020885884401169695
2025-03-18,120.56999969482422,121.94000244140625,108.12899780273438,110.0999984741211,-0.12312837993850789,-0.13139468266000548
2025-03-19,110.0999984741211,113.4800033569336,105.5,109.91000366210938,-0.001725656808763465,-0.001727147469633841
2025-03-20,109.18000030517578,112.98999786376953,107.04000091552734,108.75,-0.010554122677272515,-0.01061021243117951
2025-03-21,107.80000305175781,116.29000091552734,106.0,115.69999694824219,0.06390801791487077,0.06194893785436513
2025-03-24,119.80999755859375,126.5,119.76000213623047,124.94000244140625,0.07986176090650665,0.07683303378289467
2025-03-25,124.0,127.2699966430664,120.0199966430664,125.43000030517578,0.003921865328915253,0.003914194863566834
2025-03-26,124.5999984741211,125.5999984741211,117.16999816894531,120.19999694824219,-0.04169659048241092,-0.04259083975751314
2025-03-27,117.5,117.5,110.05000305175781,110.2300033569336,-0.08294504030313454,-0.0865878742829814
2025-03-28,110.25,112.77999877929688,103.73999786376953,107.70999908447266,-0.02286132809323216,-0.023126700566375565
2025-03-31,102.29499816894531,106.58999633789062,97.61000061035156,104.9000015258789,-0.02608854871858257,-0.026434891914465058
2025-04-01,105.79499816894531,111.5999984741211,104.3489990234375,110.05000305175781,0.04909438942771027,0.04792730575483343
2025-04-02,104.8499984741211,113.75,104.8499984741211,109.5,-0.004997755897372724,-0.005010286446562746
2025-04-03,99.5,100.5,93.62999725341797,96.9000015258789,-0.11506847921571772,-0.12224501461289072
2025-04-04,92.18000030517578,92.91000366210938,82.80000305175781,86.91000366210938,-0.10309595156302986,-0.10880639205749593
2025-04-07,81.01000213623047,97.0,79.75,93.0,0.07007244369206855,0.06772635056708716
2025-04-08,97.13999938964844,97.9000015258789,86.87999725341797,88.88999938964844,-0.044193554950016756,-0.0451998497660416
2025-04-09,88.73999786376953,113.9000015258789,87.1240005493164,110.86000061035156,0.24715942593719498,0.22086850611005102
2025-04-10,103.9800033569336,107.45999908447266,98.7699966430664,102.01000213623047,-0.07983040253830487,-0.08319728086145509
2025-04-11,101.0,101.80999755859375,96.43000030517578,101.1500015258789,-0.00843055183160435,-0.008466289936747817
2025-04-14,105.75,106.5,97.5,98.26000213623047,-0.028571422106296707,-0.02898753021796951
2025-04-15,98.66000366210938,99.79000091552734,94.55999755859375,96.45999908447266,-0.018318776843320617,-0.01848864333153134
2025-04-16,93.06999969482422,95.48999786376953,91.61000061035156,95.37999725341797,-0.011196369907788384,-0.011259521075688662
2025-04-17,94.5199966430664,96.87000274658203,93.08000183105469,96.16000366210938,0.00817788248220408,0.008144624796523925
2025-04-21,94.0,95.41000366210938,90.77999877929688,94.1500015258789,-0.020902683648944986,-0.02112423756034328
2025-04-22,96.23999786376953,101.9000015258789,95.4000015258789,101.66000366210938,0.07976635172083557,0.07674467673181232
2025-04-23,109.51000213623047,113.55000305175781,105.81999969482422,107.16999816894531,0.05420021944077136,0.052782393597524305
2025-04-24,106.9000015258789,112.95999908447266,106.16000366210938,112.25,0.047401342893059084,0.04631218498297358
2025-04-25,115.02999877929688,120.55999755859375,114.25599670410156,118.0999984741211,0.05211579932401866,0.050803183660725046
2025-04-28,118.58000183105469,123.0,116.30000305175781,121.20999908447266,0.026333621088344472,0.025992860646099163
2025-04-29,119.56999969482422,123.29000091552734,118.19999694824219,122.13999938964844,0.007672636846797198,0.007643351868653586
2025-04-30,113.875,116.94000244140625,108.5,116.56999969482422,-0.04560340365693738,-0.04667597448406208
2025-05-01,125.63500213623047,126.0999984741211,117.48999786376953,118.79000091552734,0.019044361555417444,0.01886528769477675
2025-05-02,120.25,125.38999938964844,111.62000274658203,113.83000183105469,-0.041754348398395535,-0.042651112585559994
2025-05-05,113.08999633789062,120.87000274658203,111.62999725341797,116.33000183105469,0.02196257541759916,0.02172487214585486
2025-05-06,113.6500015258789,114.77999877929688,108.62999725341797,109.98999786376953,-0.05450016218939546,-0.05604156242186852
2025-05-07,109.33000183105469,111.58000183105469,102.80000305175781,105.52999877929688,-0.040549133294799034,-0.0413941720313401
2025-05-08,108.25,109.66000366210938,105.19999694824219,107.83000183105469,0.021794779478468307,0.021560668759277778
2025-05-09,109.8499984741211,112.3499984741211,105.5199966430664,108.45999908447266,0.005842504337568721,0.005825503096842514
2025-05-12,114.1500015258789,114.53500366210938,109.60199737548828,111.20999908447266,0.025354969788061732,0.025038864626568805
2025-05-13,113.04000091552734,116.4000015258789,111.5,112.83999633789062,0.01465693073317853,0.014550556081463514
2025-05-14,114.7249984741211,130.11000061035156,113.80000305175781,125.31999969482422,0.11059911167989744,0.10489960996902381
2025-05-15,122.08000183105469,122.08000183105469,112.8499984741211,113.58999633789062,-0.09360041003429753,-0.09827502164520532
2025-05-16,117.5,117.58999633789062,110.81999969482422,113.2300033569336,-0.0031692313809587036,-0.0031742640306322294
2025-05-19,104.88999938964844,110.08999633789062,104.80000305175781,107.98999786376953,-0.04627753543948998,-0.04738256751005637
2025-05-20,107.3499984741211,107.98999786376953,104.47000122070312,105.63999938964844,-0.021761260492713763,-0.022001528811649147
2025-05-21,103.08999633789062,103.5,94.88999938964844,95.8499984741211,-0.09267323903910074,-0.09725262807906834
2025-05-22,97.29000091552734,100.4489974975586,95.6969985961914,98.31999969482422,0.02576944454902641,0.025443008581668734
2025-05-23,95.83000183105469,102.26499938964844,95.2300033569336,100.76000213623047,0.02481694923697897,0.024514010531708888
2025-05-27,103.0,104.91100311279297,99.13999938964844,104.62000274658203,0.038308857964618914,0.03759329150981432
2025-05-28,104.94000244140625,106.70700073242188,103.08999633789062,105.43000030517578,0.00774228194732296,0.00771246428804081
2025-05-29,108.19000244140625,113.80000305175781,107.59400177001953,109.02999877929688,0.03414586421038224,0.03357583403882023
2025-05-30,107.30999755859375,112.62000274658203,106.33999633789062,112.3499984741211,0.0304503323121621,0.029995922527600825
2025-06-02,109.16000366210938,113.66000366210938,109.16000366210938,112.11000061035156,-0.002136162590378743,-0.002138447440138625
2025-06-03,112.45999908447266,115.38700103759766,109.91999816894531,110.86000061035156,-0.011149763564309412,-0.011212388112457412
2025-06-04,110.87000274658203,119.69000244140625,110.87000274658203,118.20999908447266,0.06629982350401309,0.06419454652009722
2025-06-05,118.76000213623047,119.2300033569336,111.8499984741211,112.23999786376953,-0.050503352228579046,-0.05182327925585927
2025-06-06,113.62999725341797,121.29000091552734,112.7699966430664,121.29000091552734,0.08063081988599285,0.07754496310753674
2025-06-09,119.6500015258789,121.9800033569336,116.37999725341797,117.52999877929688,-0.03100009982561658,-0.03149077011058828
2025-06-10,116.19999694824219,119.1500015258789,115.26000213623047,117.08999633789062,-0.0037437458178869454,-0.0037507711738406146
2025-06-11,117.4000015258789,120.62200164794922,114.44999694824219,115.02999877929688,-0.017593283995407605,-0.01774988528873368
2025-06-12,113.0199966430664,118.12000274658203,110.8499984741211,116.19999694824219,0.010171243861265555,0.01011986485895702
2025-06-13,112.30000305175781,120.30000305175781,112.30000305175781,118.18000030517578,0.017039616255889678,0.016896070344990414
2025-06-16,121.42500305175781,126.58999633789062,121.42500305175781,126.19999694824219,0.06786255392076823,0.06565903742537145
2025-06-17,133.64999389648438,146.16400146484375,132.41000366210938,133.83999633789062,0.06053882388588172,0.058777103391526524
2025-06-18,132.32000732421875,143.88999938964844,132.25,141.16000366210938,0.05469222597510215,0.05324899543331427
2025-06-20,141.50999450683594,147.99899291992188,138.09800720214844,139.14999389648438,-0.014239230047317863,-0.014341580640988639
2025-06-23,135.77000427246094,141.6699981689453,133.27999877929688,134.13999938964844,-0.036004273996324776,-0.036668417987565934
2025-06-24,136.35000610351562,143.77000427246094,136.02999877929688,140.7899932861328,0.049575025546015894,0.048385344665849574
2025-06-25,150.91000366210938,153.94000244140625,141.44000244140625,141.67999267578125,0.00632146766169428,0.006301570991742464
2025-06-26,145.10000610351562,147.0,140.75,143.9499969482422,0.016022052440781698,0.015895054078986313
2025-06-27,143.50999450683594,145.5,139.25999450683594,143.00999450683594,-0.006530062253104707,-0.0065514763842663
2025-06-30,148.0800018310547,155.0,146.77999877929688,150.57000732421875,0.052863527779671626,0.05151362150443667
2025-07-01,151.82000732421875,156.3699951171875,146.5500030517578,152.22999572753906,0.01102469497624381,0.010964366027103337
2025-07-02,152.0,164.5500030517578,151.8000030517578,159.33999633789062,0.046705648097612906,0.04564775396389655
2025-07-03,159.0,160.99000549316406,155.39999389648438,157.02999877929688,-0.014497286379342222,-0.01460339884606257
2025-07-07,154.9499969482422,155.38999938964844,149.55999755859375,153.3699951171875,-0.02330767172235315,-0.023583591297296872
2025-07-08,155.1999969482422,155.85000610351562,145.1999969482422,145.9600067138672,-0.048314459406864185,-0.04952061325963204
2025-07-09,147.30999755859375,147.9499969482422,141.3000030517578,145.64999389648438,-0.0021239572699565112,-0.0021262160661566316
2025-07-10,148.72999572753906,148.8000030517578,141.27999877929688,143.0,-0.01819426026456117,-0.01836181124017591
2025-07-11,141.63999938964844,147.39999389648438,141.3000030517578,145.58999633789062,0.018111862502731668,0.017949796671749254
2025-07-14,146.0,150.38999938964844,145.3000030517578,146.3800048828125,0.005426255682350556,0.005411586598525378
2025-07-15,147.2899932861328,148.0500030517578,142.89999389648438,144.8000030517578,-0.0107938364417981,-0.010852512502890597
2025-07-16,144.9499969482422,146.19000244140625,138.3000030517578,144.30999755859375,-0.0033840157654480008,-0.0033897544970948853
2025-07-17,144.3000030517578,147.0500030517578,140.88999938964844,142.52000427246094,-0.012403806502775616,-0.012481375814587026
2025-07-18,142.50999450683594,149.08999633789062,138.11000061035156,148.24000549316406,0.04013472529630291,0.03935024831737707
2025-07-21,145.02000427246094,149.72900390625,144.41000366210938,146.2899932861328,-0.013154426165487232,-0.013241711937224662
2025-07-22,145.39999389648438,147.8000030517578,138.60000610351562,145.8000030517578,-0.003349444643261479,-0.003355066590080626
2025-07-23,147.97000122070312,152.25,144.32000732421875,146.10000610351562,0.0020576340567792784,0.0020555200272595222
2025-07-24,147.85000610351562,150.75,142.89999389648438,148.1300048828125,0.013894583808973682,0.013798939024041943
2025-07-25,149.94000244140625,152.77999877929688,147.89999389648438,149.66000366210938,0.010328756692523422,0.010275779564756359
2025-07-28,150.83999633789062,153.1999969482422,147.5500030517578,151.60000610351562,0.01296273148426641,0.012879434347188705
2025-07-29,151.5500030517578,152.0,141.60000610351562,144.85000610351562,-0.04452506417045232,-0.04554674711676809
2025-07-30,145.72000122070312,150.3800048828125,144.0850067138672,149.3300018310547,0.030928515973533965,0.030459867978818365
2025-07-31,160.8800048828125,162.8800048828125,154.8300018310547,160.58999633789062,0.07540343111744541,0.07269587593832799
2025-08-01,182.0,196.67999267578125,177.77000427246094,188.63999938964844,0.17466843322381664,0.16098592328421865
2025-08-04,191.6999969482422,203.72999572753906,188.97999572753906,201.75999450683594,0.06955044083777406,0.06723841143685494
2025-08-05,198.6699981689453,208.67999267578125,197.50999450683594,199.08999633789062,-0.013233536090599185,-0.013321879592915245
2025-08-06,199.00999450683594,212.97999572753906,198.75,212.80999755859375,0.06891356408193339,0.06664277197488122
2025-08-07,215.7449951171875,217.3000030517578,205.72000122070312,211.82000732421875,-0.004651991192765381,-0.004662845379263061
2025-08-08,211.85000610351562,219.0,208.85000610351562,215.44000244140625,0.01708995841760408,0.01694556784244729
2025-08-11,215.22999572753906,225.35000610351562,211.8000030517578,220.75,0.024647221957017518,0.02434837964853947
2025-08-12,221.1750030517578,229.44700622558594,220.69000244140625,224.02000427246094,0.014813156387138982,0.014704513171307304
2025-08-13,225.9199981689453,237.35299682617188,224.3000030517578,234.77000427246094,0.04798678597883366,0.046870977020536005
2025-08-14,229.9550018310547,244.85000610351562,229.9550018310547,243.47000122070312,0.03705753200969175,0.03638740698493477
2025-08-15,242.5749969482422,248.01499938964844,235.7899932861328,246.5,0.012445060024254051,0.012368256821897168
2025-08-18,245.6300048828125,253.13999938964844,237.5399932861328,241.75999450683594,-0.019229231209590525,-0.019416517679874453
2025-08-19,238.22000122070312,238.83999633789062,225.5,228.17999267578125,-0.0561714185126303,-0.05781071673307315
2025-08-20,221.5,225.03199768066406,205.37399291992188,218.3699951171875,-0.04299236512174265,-0.04394390963179277
2025-08-21,217.44000244140625,221.72999572753906,215.10000610351562,218.64999389648438,0.001282221850793297,0.0012814005063781727
2025-08-22,215.0,230.25,214.10000610351562,217.30999755859375,-0.006128499315325886,-0.006147355647408123
2025-08-25,214.27000427246094,222.47000122070312,212.57000732421875,219.72999572753906,0.011136156624790283,0.011074606168060577
2025-08-26,218.83999633789062,220.5,214.99000549316406,219.42999267578125,-0.0013653258890051756,-0.0013662587956411749
2025-08-27,220.97000122070312,226.66900634765625,208.24000549316406,211.10000610351562,-0.03796193250834945,-0.038701257902207784
2025-08-28,212.8000030517578,227.0,212.39999389648438,225.5399932861328,0.06840353749462391,0.06616551326898845
2025-08-29,225.5399932861328,227.89999389648438,219.6199951171875,225.0800018310547,-0.002039511699792218,-0.002041594335968043
2025-09-02,219.97999572753906,223.44000244140625,213.14999389648438,220.05999755859375,-0.02230319989169438,-0.022555677352715468
2025-09-03,226.27999877929688,239.3699951171875,218.6999969482422,223.13999938964844,0.013996191335204466,0.013899149082257322
2025-09-04,225.0,234.3800048828125,223.5,232.11000061035156,0.04019898380047793,0.03941202542930337
2025-09-05,234.0,241.17999267578125,230.24000549316406,240.0,0.0339925008353843,0.03342752348293955
2025-09-08,245.08999633789062,246.99000549316406,229.86000061035156,229.97999572753906,-0.04175001780192056,-0.042646593299005296
2025-09-09,235.35000610351562,240.3000030517578,232.0500030517578,240.1999969482422,0.044438652972282444,0.043479566897827025
2025-09-10,245.13999938964844,261.12701416015625,244.84500122070312,259.0299987792969,0.0783930144475069,0.07547198345417115
2025-09-11,260.57000732421875,266.6400146484375,257.45001220703125,260.5400085449219,0.005829478333556182,0.005812552671400464
2025-09-12,262.2200012207031,266.1499938964844,251.19000244140625,254.2899932861328,-0.023988696759835393,-0.024281111447412768
2025-09-15,256.6600036621094,265.5400085449219,255.4199981689453,263.6400146484375,0.03676912819681366,0.03610927012781807
2025-09-16,265.07501220703125,268.1499938964844,260.5,266.6600036621094,0.011454972105425787,0.01138986067377585
2025-09-17,263.1000061035156,270.3599853515625,249.22000122070312,266.4700012207031,-0.0007125269586623073,-0.0007127809266422384
2025-09-18,271.989990234375,282.95001220703125,269.9200134277344,270.7099914550781,0.015911698183478595,0.015786434142556104
2025-09-19,270.5,271.989990234375,251.5,264.4800109863281,-0.02301348552103144,-0.023282430024413218
2025-09-22,257.45001220703125,262.989990234375,253.33999633789062,257.55999755859375,-0.02616459898775525,-0.02651298242106428
2025-09-23,255.5749969482422,255.77999877929688,235.85000610351562,237.4499969482422,-0.07807889734808926,-0.08129563104808363
2025-09-24,241.50999450683594,244.0,234.88999938964844,235.69000244140625,-0.007412063716385586,-0.007439669556073767
2025-09-25,228.14999389648438,236.52000427246094,223.5,232.75,-0.012474022703347964,-0.012552476429668174
2025-09-26,234.0800018310547,240.61000061035156,231.23800659179688,240.11000061035156,0.031621914545012064,0.0311322380574753
2025-09-29,244.8040008544922,246.42999267578125,239.3000030517578,241.97999572753906,0.007788076766623853,0.00775790624242347
2025-09-30,240.3350067138672,240.99000549316406,225.08999633789062,229.99000549316406,-0.049549510067250835,-0.05081920685559621
2025-10-01,213.0,218.31900024414062,202.25999450683594,202.60000610351562,-0.11909212894237065,-0.1268022316609555
2025-10-02,206.85000610351562,209.0,198.8000030517578,200.9199981689453,-0.008292240295945219,-0.008326812172031576
2025-10-03,212.02000427246094,213.3800048828125,205.41000366210938,207.1999969482422,0.031256215590925285,0.030777685888275078
2025-10-06,207.3000030517578,211.14999389648438,198.8699951171875,203.6300048828125,-0.017229691689240045,-0.017379850115497312
2025-10-07,206.24000549316406,209.73599243164062,202.5070037841797,205.9199981689453,0.011245853907682735,0.011183089414478646
2025-10-08,206.22500610351562,206.22500610351562,195.00999450683594,202.2899932861328,-0.01762822899713845,-0.017785456730466796
2025-10-09,203.25,212.33999633789062,199.3800048828125,211.6999969482422,0.04651739569143798,0.045467885500054595
2025-10-10,214.39999389648438,214.39999389648438,198.0,198.5500030517578,-0.06211617423735427,-0.06412919077785256
2025-10-13,201.88999938964844,204.70899963378906,197.85000610351562,203.67999267578125,0.025837267918279228,0.025509125902172095
2025-10-14,199.9250030517578,205.52000427246094,194.77000427246094,196.35000610351562,-0.03598775940616583,-0.03665128674076046
2025-10-15,201.36000061035156,203.86399841308594,196.8000030517578,200.75999450683594,0.022459833288700715,0.022211325315992042
2025-10-16,202.5399932861328,203.8800048828125,196.0,198.97000122070312,-0.008916085550459973,-0.008956071698619275
2025-10-17,195.16000366210938,200.60000610351562,189.02000427246094,194.9499969482422,-0.020204072210874835,-0.020410965951715744
2025-10-20,201.0,211.11000061035156,200.64999389648438,202.47999572753906,0.03862528287854272,0.03789799536165966
2025-10-21,207.52000427246094,208.0,203.00999450683594,205.7100067138672,0.015952247404600328,0.015826347465704698
2025-10-22,204.02999877929688,205.0,191.27999877929688,197.0500030517578,-0.04209811569426969,-0.04300992347367835
2025-10-23,201.0,205.32000732421875,200.3699951171875,200.82000732421875,0.019132221335062427,0.018951501794611813
2025-10-24,206.02000427246094,215.94000244140625,205.12100219726562,214.1999969482422,0.06662677589898602,0.06450112284356309
2025-10-27,219.6999969482422,224.75,216.54200744628906,219.24000549316406,0.023529451992194472,0.023256901466985228
2025-10-28,222.22000122070312,222.22000122070312,212.75,212.97000122070312,-0.028598814611215828,-0.029015728782186126
2025-10-29,211.27000427246094,214.1300048828125,204.75,210.77000427246094,-0.010330079051660945,-0.010383804631530453
2025-10-30,209.41000366210938,209.47000122070312,193.80999755859375,194.4199981689453,-0.07757273697437561,-0.08074675384479549
2025-10-31,219.1999969482422,230.97000122070312,208.41000366210938,208.9499969482422,0.07473510398179672,0.07207421631383189
2025-11-03,211.05999755859375,214.25,199.11300659179688,204.97999572753906,-0.018999766827881404,-0.019182581728607928
2025-11-04,199.19000244140625,199.69000244140625,187.39999389648438,187.77000427246094,-0.0839593707375903,-0.08769456020169777
2025-11-05,187.77999877929688,199.3000030517578,186.36000061035156,196.27000427246094,0.04526814617134578,0.04427345170785794
2025-11-06,195.98500061035156,196.70199584960938,182.74000549316406,183.63999938964844,-0.0643501534003107,-0.06651396800888007
2025-11-07,178.0,195.16000366210938,173.55999755859375,194.5800018310547,0.05957309125335852,0.05786608290018334
2025-11-10,200.02999877929688,208.27999877929688,198.33999633789062,204.19000244140625,0.04938842902620344,0.048207545933911154
2025-11-11,201.94000244140625,211.0800018310547,201.33999633789062,208.2100067138672,0.019687566601672923,0.0194962731212693
2025-11-12,208.85000610351562,213.0,200.0800018310547,202.82000732421875,-0.025887321530399077,-0.026228295716988856
2025-11-13,201.77499389648438,201.9600067138672,185.44000244140625,189.4199981689453,-0.06606847781961078,-0.06835216016444878
2025-11-14,186.40499877929688,198.58999633789062,183.8000030517578,193.30999755859375,0.02053637117121565,0.020328343172796196
2025-11-17,191.33999633789062,194.33999633789062,185.25,187.5500030517578,-0.02979667156164567,-0.030249612504514033
2025-11-18,184.17999267578125,189.5,180.88999938964844,185.69000244140625,-0.009917358464869075,-0.009966863039341686
2025-11-19,185.69000244140625,192.4499969482422,185.2100067138672,187.77999877929688,0.011255298133512115,0.011192428569435288
2025-11-20,192.9550018310547,195.47999572753906,178.2449951171875,181.8800048828125,-0.03141971421258127,-0.031923902526541946
2025-11-21,185.0399932861328,190.14999389648438,180.00999450683594,183.47999572753906,0.008796958443878733,0.008758490640116705
2025-11-24,186.60000610351562,195.69000244140625,184.77999877929688,195.0,0.06278615947630461,0.06089391212047975
2025-11-25,198.0,219.8000030517578,196.57000732421875,218.47999572753906,0.12041023450020027,0.1136948990463156
2025-11-26,216.0,220.76400756835938,207.2899932861328,207.55999755859375,-0.049981684284557404,-0.05127401487293568
2025-11-28,209.14999389648438,218.0,207.33999633789062,216.47000122070312,0.042927364458048345,0.04203153261377035
2025-12-01,211.72000122070312,226.25,211.5,223.39999389648438,0.032013639934873606,0.031511883963183926
2025-12-02,224.69000244140625,231.50999450683594,221.72000122070312,222.75999450683594,-0.0028648138188624994,-0.002868925252175677
2025-12-03,222.66000366210938,225.82000732421875,220.0,220.83999633789062,-0.008619133669831358,-0.0086564932286979
2025-12-04,222.19000244140625,225.8699951171875,215.0,222.75,0.008648812234116399,0.008611625517711127
2025-12-05,225.14999389648438,237.58999633789062,224.1750030517578,234.11000061035156,0.05099888040561873,0.04974102662842244
2025-12-08,230.0,238.1999969482422,225.25999450683594,236.9499969482422,0.012131033832328608,0.012058042554923815
2025-12-09,230.85000610351562,237.5,229.5500030517578,236.11000061035156,-0.0035450362891293885,-0.0035513348203620593
2025-12-10,235.3000030517578,240.17999267578125,231.47000122070312,238.11000061035156,0.008470628075176512,0.008434953620308725
2025-12-11,235.5399932861328,238.0,227.2969970703125,233.5399932861328,-0.019192840756391494,-0.019379414434896897
2025-12-12,233.05999755859375,237.39999389648438,222.85000610351562,224.77999877929688,-0.037509611880921834,-0.038231199239850806
2025-12-15,222.0449981689453,225.77000427246094,213.35000610351562,218.5,-0.0279384234068929,-0.02833612612381893
2025-12-16,215.26400756835938,224.6300048828125,215.26400756835938,224.0,0.02517162471395884,0.02486003731939504
2025-12-17,226.8300018310547,235.4199981689453,226.8300018310547,227.33999633789062,0.014910697937011719,0.014800626295011322
2025-12-18,232.82000732421875,246.14999389648438,229.45399475097656,231.33999633789062,0.017594792225011258,0.017441795887216408
2025-12-19,235.85000610351562,239.44000244140625,230.99000549316406,233.19000244140625,0.007996914207664796,0.007965108342571234
2025-12-22,235.9499969482422,240.49000549316406,230.3000030517578,233.14999389648438,-0.00017157058408590053,-0.00017158530400225615
2025-12-23,231.52999877929688,237.5,225.4499969482422,225.82000732421875,-0.03143893100644923,-0.03194374288958119
2025-12-24,225.77000427246094,228.39999389648438,222.78500366210938,225.85000610351562,0.00013284376195144,0.00013283493900026933
2025-12-26,225.7899932861328,226.22000122070312,220.25999450683594,225.77000427246094,-0.00035422549874986053,-0.0003542882514213446
2025-12-29,225.14999389648438,236.0,223.91000366210938,234.64999389648438,0.03933201690206367,0.03857821535544491
2025-12-30,235.9199981689453,236.92999267578125,229.0800018310547,233.36000061035156,-0.0054975210726060375,-0.005512688054319881
2025-12-31,232.24000549316406,233.71299743652344,227.5,229.8699951171875,-0.014955457165049646,-0.01506841768025979
2026-01-02,232.17999267578125,242.8699951171875,228.14999389648438,241.88999938964844,0.052290444719995444,0.05096916434707971
2026-01-05,248.83999633789062,250.0,241.0,244.0500030517578,0.008929693941707395,0.00889005999601851
2026-01-06,248.2100067138672,254.77999877929688,242.15199279785156,253.80999755859375,0.03999178194956232,0.03921281115048587
2026-01-07,252.0,260.5,251.0500030517578,255.5,0.006658533775904862,0.006636463655474952
2026-01-08,255.33999633789062,259.54998779296875,248.10000610351562,253.9499969482422,-0.006066548147780071,-0.0060850244136652866
2026-01-09,257.6700134277344,263.5,235.00999450683594,244.55999755859375,-0.03697578067528873,-0.037676717630366695
2026-01-12,244.72000122070312,251.8699951171875,240.61000061035156,244.02000427246094,-0.0022080196742045866,-0.002210460943888423
2026-01-13,246.22000122070312,263.3349914550781,246.10000610351562,258.92999267578125,0.06110150046007101,0.059307519957354934
2026-01-14,258.79998779296875,258.79998779296875,246.85000610351562,252.3800048828125,-0.02529636572913474,-0.025621819041363326
2026-01-15,250.08999633789062,251.0,225.25,228.75,-0.09362867273809827,-0.09830620341619958
2026-01-16,228.5,236.49899291992188,222.85000610351562,231.00999450683594,0.009879757406933143,0.009831271693564188
2026-01-20,220.125,228.97999572753906,217.33999633789062,225.36000061035156,-0.02445778983955249,-0.02476184957273735
2026-01-21,224.48500061035156,224.9250030517578,208.5,210.1300048828125,-0.06758074053199792,-0.06997271623377506
2026-01-22,214.0,216.0,209.77999877929688,214.5399932861328,0.020986952366844225,0.020769759832356037
2026-01-23,212.60000610351562,220.82000732421875,209.0,218.8800048828125,0.0202293825510258,0.020027486867318218
2026-01-26,216.63999938964844,222.64999389648438,212.62899780273438,213.6300048828125,-0.02398574507895701,-0.02427808722381483
2026-01-27,203.13999938964844,204.55999755859375,193.11000061035156,196.3000030517578,-0.08112157204022497,-0.08460145268972905
2026-01-28,195.0,199.0500030517578,189.5260009765625,193.13999938964844,-0.016097827880706572,-0.016228805450191862
2026-01-29,200.0,201.12100219726562,188.64999389648438,190.0500030517578,-0.015998738467720153,-0.016128099885705603
2026-01-30,188.24000549316406,190.4709930419922,180.0,180.27000427246094,-0.05146013481848466,-0.05283146077862559
2026-02-02,180.0,184.35000610351562,176.13999938964844,177.14999389648438,-0.017307429422706244,-0.017458953856750076
2026-02-03,178.39999389648438,179.00999450683594,161.7100067138672,165.41000366210938,-0.06627146846663245,-0.06856953446382123
2026-02-04,162.50999450683594,163.26499938964844,146.35000610351562,152.69000244140625,-0.07689983035540493,-0.08001752420899787
2026-02-05,151.0050048828125,155.33999633789062,148.5,151.0500030517578,-0.01074071231531859,-0.010798810148412885
2026-02-06,161.52999877929688,164.39999389648438,137.02000427246094,139.8300018310547,-0.07428004630267071,-0.07718351588868533
2026-02-09,139.38999938964844,145.93800354003906,136.61000061035156,141.74000549316406,0.0136594696209551,0.013567019989701352
2026-02-10,145.05999755859375,152.44000244140625,143.50999450683594,149.97999572753906,0.0581345415199126,0.056507491249048254
2026-02-11,148.86000061035156,152.44000244140625,137.25,139.2899932861328,-0.07127618846466854,-0.07394388088707324
2026-02-12,138.4499969482422,138.4499969482422,127.70500183105469,131.07000732421875,-0.05901347087459741,-0.06082645498763882
2026-02-13,141.85000610351562,141.85000610351562,135.3699951171875,139.64999389648438,0.06546109783180154,0.06340766117372036
2026-02-17,138.1999969482422,143.9199981689453,135.85000610351562,139.22999572753906,-0.0030075058166965096,-0.003012037450539498
2026-02-18,140.89999389648438,148.17999267578125,139.25999450683594,147.4600067138672,0.05911090453836931,0.0574297868567537
2026-02-19,146.0800018310547,147.39500427246094,141.8000030517578,146.1300048828125,-0.009019407096837018,-0.009060328190864959
2026-02-20,144.39999389648438,151.25,143.3939971923828,150.1699981689453,0.027646569158556122,0.027271303598247733
