Date,Close,Simple,naive,roll_mean,har_rv,ewma,garch,gjr,garch_t,ridge
2024-03-22,46.0,-0.08802535185553939,,,,,,,,
2024-03-25,59.79999923706055,0.29999998341435963,1.3973591404722914,,,,,,,
2024-03-26,65.11000061035156,0.08879601071968213,4.762352096627385,,,,,,,
2024-03-27,57.75,-0.11303947997784891,1.4095929706734267,,,,,,,
2024-03-28,49.31999969482422,-0.1459740312584551,1.7944461141207197,,,,,,,
2024-04-01,45.970001220703125,-0.06792373266118756,2.3172659075006465,,,,,,,
2024-04-02,50.45000076293945,0.0974548493207068,1.0782558284444266,,,,,,,
2024-04-03,46.9900016784668,-0.0685827360187945,1.547047772159173,,,,,,,
2024-04-04,45.779998779296875,-0.02575022038623176,1.0887171824287336,,,,,,,
2024-04-05,47.560001373291016,0.03888166538787918,0.408772076082449,,,,,,,
2024-04-08,46.150001525878906,-0.02964675792048954,0.6172273030581364,,,,,,,
2024-04-09,45.0,-0.024918775468166232,0.47062769182169845,,,,,,,
2024-04-10,42.09000015258789,-0.0646666632758246,0.39557329719014983,,,,,,,
2024-04-11,44.529998779296875,0.057970981655103726,1.026551454865112,,,,,,,
2024-04-12,42.27000045776367,-0.05075226551732881,0.9202608043061521,,,,,,,
2024-04-15,40.0,-0.05370239964941248,0.8056672381918255,,,,,,,
2024-04-16,41.13999938964844,0.02849998474121085,0.8524991656784862,,,,,,,
2024-04-17,39.16999816894531,-0.047885300192756275,0.4524232319662766,,,,,,,
2024-04-18,41.720001220703125,0.06510092343531171,0.7601555745942384,,,,,,,
2024-04-19,40.880001068115234,-0.020134231256231372,1.033445121182949,,,1.0991768985485975,,,,
2024-04-22,42.040000915527344,0.028375729381202586,0.3196210124607109,,,1.0671284790468913,,,,
2024-04-23,42.81999969482422,0.018553728884643794,0.4504507392763846,,,1.037557022722508,,,,
2024-04-24,43.150001525878906,0.007706721938500527,0.2945313151300997,1.1001292290105213,,1.007241560771057,,,,
2024-04-25,42.45000076293945,-0.016222496829336852,0.12234041803678808,1.0421738325361805,,0.97678679525084,,,,
2024-04-26,45.43000030517578,0.07020022352597888,0.25752415352975483,0.8374089260317427,,0.9480797737866568,,,,
2024-04-29,46.279998779296875,0.01871006974270828,1.1143940005853157,0.8239907910277376,,0.9392444632106027,,,,
2024-04-30,44.439998626708984,-0.039757999159909296,0.29701314931128214,0.7559256562636723,,0.9120832507492838,,,,
2024-05-01,45.880001068115234,0.03240329626249783,0.6311386704158095,0.6792835091234525,,0.8910287231949177,,,,
2024-05-02,47.70000076293945,0.03966869338390322,0.5143863814159079,0.6536530797130652,,0.8684664961335283,,,,
2024-05-03,46.63999938964844,-0.0222222506569556,0.6297209851720872,0.6119564075772885,,0.8490444435876393,,,,
2024-05-06,48.27000045776367,0.03494856538263602,0.35276729286267744,0.5785041398697405,,0.825443651646332,,,,
2024-05-07,49.400001525878906,0.023410007404163657,0.554791276085615,0.5851413762335208,,0.8060456497750349,,,,
2024-05-08,51.400001525878906,0.04048582870897821,0.37162234668958666,0.5739775145804049,,0.7841365373496857,,,,
2024-05-09,50.11000061035156,-0.025097293331360127,0.6426926063178933,0.5817986470575046,,0.7683550717219353,,,,
2024-05-10,53.529998779296875,0.06824981295727262,0.398407180413712,0.581927459931303,,0.7481371489964439,,,,
2024-05-13,58.189998626708984,0.08705398755238525,1.0834321926697026,0.5845129480133298,,0.749227202902703,,,,
2024-05-14,62.34000015258789,0.07131812379823765,1.381939210200743,0.6054983300994475,,0.7648225917792643,,,,
2024-05-15,59.630001068115234,-0.04347127170098597,1.1321401172511243,0.6203380064203249,,0.7670127889643535,,,,
2024-05-16,56.380001068115234,-0.05450276608728433,0.690085044579172,0.612955546370356,,0.7531909601099434,,,,
2024-05-17,62.040000915527344,0.10039020468577164,0.8652045889924753,0.6317183353260923,,0.7454637445726433,,,,
2024-05-20,61.220001220703125,-0.013217274060661532,1.5936450939925377,0.6696042225714695,,0.773669414783941,,,,
2024-05-21,59.310001373291016,-0.031198951475456593,0.20981772104817153,0.6321666134744341,,0.7509801634209613,,,,
2024-05-22,56.689998626708984,-0.044174720720237426,0.49526800062017895,0.6401505674816826,,0.7331382170326525,,,,
2024-05-23,54.15999984741211,-0.04462866185544212,0.7012519515688819,0.6515506225858871,,0.7211066325757672,,,,
2024-05-24,54.720001220703125,0.01033975950643895,0.7084580436905656,0.6703654738840901,,0.7098256638092009,,,,
2024-05-28,58.4900016784668,0.06889620565902521,0.1641385936215205,0.6722653909561234,,0.6887884791135257,,,,
2024-05-29,57.63999938964844,-0.014532437415389787,1.0936933586984499,0.710273082100155,,0.694153260964598,,,,
2024-05-30,56.29999923706055,-0.02324774751521841,0.23069529206838985,0.6701049589857493,,0.6741916895503783,,,,
2024-05-31,54.2400016784668,-0.03658965517778756,0.36904655080612614,0.6733792045082422,,0.6567710627784411,,,,
2024-06-03,55.79999923706055,0.028761016045710575,0.5808427689481964,0.6710930271688051,,0.6446616824630714,,,,
2024-06-04,54.5,-0.02329747768521706,0.4565669754629309,0.6684648723527609,,0.6300055284189591,,,,
2024-06-05,60.06999969482422,0.10220182926282972,0.3698359927809665,0.6566519181531644,,0.6141627697401018,,,,
2024-06-06,63.459999084472656,0.056434150272528294,1.6224037425919873,0.714362665868133,,0.6584299282308163,,,,
2024-06-07,59.79999923706055,-0.05767412386092574,0.8958643624341471,0.7298659879748844,,0.6569591774555112,,,,
2024-06-10,59.630001068115234,-0.0028427787811735605,0.9155483329172752,0.7545898964397796,,0.6563889865694492,,,,
2024-06-11,61.54999923706055,0.03219852648924326,0.04512771412413928,0.727427855885518,,0.6364407332232519,,,,
2024-06-12,65.93000030517578,0.0711616754249762,0.5111357620395799,0.7325518823230573,,0.6233708298504822,,,,
2024-06-13,63.959999084472656,-0.02988019432101341,1.129656576319102,0.7346529906707574,,0.6352632835530478,,,,
2024-06-14,60.939998626708984,-0.047217018464542626,0.4743333797981158,0.6933981801979106,,0.6213659450923306,,,,
2024-06-17,60.349998474121094,-0.009681656808067318,0.7495469310427478,0.6760075808248026,,0.6162665961354097,,,,
2024-06-18,60.209999084472656,-0.002319791105023339,0.15369153715932918,0.6516260577602643,,0.5980853443442805,,,,
2024-06-20,57.41999816894531,-0.0463378335484288,0.03682554214506885,0.6139724647217458,,0.5799003345307535,,,,
2024-06-21,57.29999923706055,-0.0020898456236744245,0.7355903031758896,0.57496997423008,,0.5764894855358066,,,,
2024-06-24,56.47999954223633,-0.014310640588872103,0.033175270792555236,0.5669407719457339,,0.5589568295272036,,,,
2024-06-25,61.380001068115234,0.08675640165709697,0.22717437660109507,0.5547546981266845,,0.5433553339759536,,,,
2024-06-26,63.61000061035156,0.03633104436999979,1.3772151805650632,0.5854802994446927,,0.5782928042349124,,,,
2024-06-27,63.58000183105469,-0.0004716047635439091,0.5767374496456366,0.5794929997153778,,0.5695050447176027,,,,
2024-06-28,63.88999938964844,0.004875708550897473,0.007486493528703623,0.5723724497111589,,0.5521571493957416,,,,
2024-07-01,66.58999633789062,0.04226008724425889,0.07739947374543495,0.5261772731223855,,0.5355040494031614,,,,
2024-07-02,73.51000213623047,0.10391960022382918,0.6708580873932117,0.5461846729098774,,0.5320340486417939,,,,
2024-07-03,73.62000274658203,0.0014964033077800032,1.649672511225025,0.6043949438380092,,0.5896771972936317,,,,
2024-07-05,72.97000122070312,-0.00882914291807857,0.023754666080642,0.5790727573440294,,0.5717280592313152,,,,
2024-07-08,72.80999755859375,-0.0021927320739030254,0.14015829870649812,0.5646905447641916,,0.5548422530328336,,,,
2024-07-09,70.58999633789062,-0.030490335052086537,0.034808542556053854,0.5494620242994228,,0.5379733071859273,,,,
2024-07-10,69.4000015258789,-0.016857839265433827,0.4840190636331396,0.4977172661649297,,0.5282788999275849,,,,
2024-07-11,70.29000091552734,0.01282419841614213,0.2676099020294261,0.46916024523744243,,0.5142784577756522,,,,
2024-07-12,73.8499984741211,0.05064728285993425,0.20357783863716292,0.43679795004289185,,0.4998566897578769,,,,
2024-07-15,72.9800033569336,-0.011780570550619096,0.8040006901711813,0.47129217622684827,,0.5042398446888469,,,,
2024-07-16,70.44000244140625,-0.03480406684971782,0.18701075987633628,0.4565592215830645,,0.48995055101796564,,,,
2024-07-17,65.20999908447266,-0.07424763168178539,0.5524974329881235,0.43032471506802,,0.48456790267205446,,,,
2024-07-18,65.91999816894531,0.010887886741923314,1.1786446131931472,0.4623388620405215,,0.5122438705228896,,,,
2024-07-19,64.69999694824219,-0.018507300585421826,0.1728398437329983,0.43612490352644195,,0.4975403142082297,,,,
2024-07-22,68.12999725341797,0.05301391757281948,0.2937942887288776,0.4424932104159669,,0.48505982613423027,,,,
2024-07-23,67.83999633789062,-0.004256581934806936,0.8415698515377437,0.47907249720654294,,0.4923547981731521,,,,
2024-07-24,62.95000076293945,-0.0720813065878656,0.06757114340801582,0.44870798994436695,,0.47749913950678674,,,,
2024-07-25,62.060001373291016,-0.014138195057376457,1.1442552684485647,0.4992116262014582,,0.5035918050535647,,,,
2024-07-26,62.36000061035156,0.004834019181792382,0.22443688865484407,0.4990871949311741,,0.48979544838611255,,,,
2024-07-29,59.97999954223633,-0.038165507453830294,0.07673767552763144,0.4399745810658363,,0.4750602767118393,,,,
2024-07-30,58.439998626708984,-0.025675240534853927,0.6058586483005015,0.44129827191378473,,0.4723910155481081,,,,
2024-07-31,60.849998474121094,0.041238875839238354,0.407581807841931,0.45948442256438593,,0.4634088509932125,,,,
2024-08-01,59.380001068115234,-0.02415772297235197,0.6546468589109685,0.48572294007191014,,0.46337864936202916,,,,
2024-08-02,57.58000183105469,-0.030313223386367993,0.3834919633586124,0.4726608435248829,,0.4541459775252038,,,,
2024-08-05,56.810001373291016,-0.013372706378560473,0.4812075031024616,0.41954879770113007,,0.4481299751182092,,,,
2024-08-06,54.36000061035156,-0.04312622256142584,0.21228513260134912,0.4281183643611622,,0.43603118632637633,,,,
2024-08-07,50.689998626708984,-0.06751291284834371,0.6846075592989345,0.4528660580244548,,0.4390631264746713,,,,
2024-08-08,54.939998626708984,0.08384296932611557,1.071734266093769,0.4999990454579873,,0.4644009834200579,,,,
2024-08-09,52.90999984741211,-0.03694937804949261,1.330965876108711,0.5384966278432406,,0.505838197350102,,,,
2024-08-12,52.5099983215332,-0.007560036420950267,0.5865531925047976,0.5529940501375756,,0.5008405778425145,,,,
2024-08-13,54.52000045776367,0.03827846506340893,0.12001185763455134,0.5491955964556386,,0.48602766662813884,,,,
2024-08-14,54.95000076293945,0.007887019471118695,0.6076517947623258,0.5402706466643271,,0.4828320000524509,,,,
2024-08-15,55.54999923706055,0.010918989368345233,0.12520255263662544,0.5374611826988857,,0.4686250166537983,,,,
2024-08-16,54.91999816894531,-0.01134115349717102,0.17333358262079837,0.5202264622276437,,0.4553396290525032,,,,
2024-08-19,54.36000061035156,-0.010196605558344674,0.18003523040474995,0.4748351266463528,,0.4425680824959451,,,,
2024-08-20,55.02000045776367,0.012141277409890794,0.16186609514639347,0.47433631989241626,,0.4300006234509755,,,,
2024-08-21,56.88999938964844,0.03398762116187681,0.1927368037513048,0.4697427978479812,,0.4182354937875814,,,,
2024-08-22,56.43000030517578,-0.008085763568427051,0.5395367594940133,0.4560140209369025,,0.416123383160904,,,,
2024-08-23,59.209999084472656,0.0492645536817744,0.12835751737274503,0.4587770379352992,,0.40405868309004667,,,,
2024-08-26,58.2599983215332,-0.016044600196397973,0.7820505449553993,0.4423131868674281,,0.41450658120660294,,,,
2024-08-27,59.0,0.01270171129052855,0.25470013203076275,0.44368878883906077,,0.40429312166974296,,,,
2024-08-28,56.13999938964844,-0.048474586616128135,0.20163341579807895,0.44936586794226285,,0.3935294570507901,,,,
2024-08-29,58.75,0.04649092694562462,0.7695102065576105,0.45680457513576783,,0.4041508212197253,,,,
2024-08-30,60.029998779296875,0.021787213264627736,0.7380205855139668,0.47182451957540583,,0.4121624008255666,,,,
2024-09-03,57.529998779296875,-0.041645844591657766,0.34586128835599605,0.4577888118229071,,0.40407149726073904,,,,
2024-09-04,57.0,-0.009212563715325528,0.6611072875726244,0.4704076901962713,,0.4081534439093615,,,,
2024-09-05,58.709999084472656,0.02999998393811687,0.14624491516853155,0.45518211801745634,,0.3965293267905256,,,,
2024-09-06,56.849998474121094,-0.031681155499174385,0.47623498101713624,0.4671798383999921,,0.3931988927997921,,,,
2024-09-09,57.459999084472656,0.010730002229098368,0.5029227521878907,0.4589214380767628,,0.39104601517096516,,,,
2024-09-10,56.869998931884766,-0.010268015349609083,0.17033350479217793,0.41794867619941783,,0.38027933405309955,,,,
2024-09-11,59.869998931884766,0.052751891266838324,0.16299969043955745,0.36485930412354717,,0.3697738451620105,,,,
2024-09-12,59.630001068115234,-0.004008649875584247,0.8374103128822454,0.3762619005043403,,0.3867381746551416,,,,
2024-09-13,59.09000015258789,-0.009055859564894186,0.06363534398355558,0.3736993317020222,,0.37511853393503836,,,,
2024-09-16,59.150001525878906,0.001015423474971744,0.14375731389981364,0.3526132189355444,,0.36454226722078303,,,,
2024-09-17,61.88999938964844,0.046322870550912,0.016119347941153526,0.3476548914493866,,0.3534478684564134,,,,
2024-09-18,63.65999984741211,0.028599135162695077,0.7353527729541044,0.3732012182827187,,0.36558471384090707,,,,
2024-09-19,64.55999755859375,0.014137570112140452,0.4539971961120836,0.3856540349057793,,0.363065360006733,,,,
2024-09-20,66.16999816894531,0.02493805252843062,0.22442696795677905,0.38849771094261504,,0.3541447334311181,,,,
2024-09-23,65.0,-0.0176817016974683,0.39587931103495766,0.39773146127369025,,0.35013568163091174,,,,
2024-09-24,66.95999908447266,0.03015383206881017,0.2806883126875785,0.3859656227824886,,0.342932753881073,,,,
2024-09-25,67.87999725341797,0.01373951883996738,0.4786772443780561,0.40188924673727544,,0.34266697884673725,,,,
2024-09-26,66.5199966430664,-0.02003536631379399,0.21810809990544203,0.3762554992350047,,0.33436888788546726,,,,
2024-09-27,67.08000183105469,0.008418599161890583,0.3180515801542787,0.37913511051334636,,0.328829901657038,,,,
2024-09-30,65.91999816894531,-0.01729283885577282,0.13364111861939565,0.37604455155067884,,0.3196516172771944,,,,
2024-10-01,65.97000122070312,0.0007585414615707275,0.27451530644813776,0.3535447833638847,,0.3135399283129341,,,,
2024-10-02,67.77999877929688,0.02743667614221179,0.01204147239868562,0.3205457327677355,,0.30399539364835265,,,,
2024-10-03,67.47000122070312,-0.004573584599833813,0.4355437312470685,0.32462220744460246,,0.3042356942449561,,,,
2024-10-04,72.37999725341797,0.07277302421640108,0.0726034047076508,0.29787203095074005,,0.29523538714863107,,,,
2024-10-07,70.44000244140625,-0.02680291358977782,1.1552359453840702,0.3437352595969009,,0.3492437551059958,,,,
2024-10-08,70.7699966430664,0.0046847556817541935,0.42548306262303365,0.3414283542153508,,0.346531388980965,,,,
2024-10-09,71.0,0.003250012262875135,0.0743681909221107,0.3219486014305426,,0.3362214778546473,,,,
2024-10-10,69.9000015258789,-0.01549293625522663,0.051592345232867313,0.31655127599602845,,0.3261012762058991,,,,
2024-10-11,73.25,0.047925585135800475,0.24594273845703593,0.32032141454227747,,0.31902375259613747,,,,
2024-10-14,74.87000274658203,0.022116078451631882,0.7607950782394906,0.3168389038766977,,0.3362050861743368,,,,
2024-10-15,75.16999816894531,0.004006884083852524,0.3510818613540744,0.32990465466626673,,0.33158646319245133,,,,
2024-10-16,77.26000213623047,0.027803698525944442,0.06360731290881995,0.32626147280303974,,0.32167372339965006,,,,
2024-10-17,76.29000091552734,-0.012555024513107638,0.44137003096477284,0.3455910493041134,,0.3211071011255625,,,,
2024-10-18,80.9000015258789,0.06042732409265561,0.19930483539601565,0.32122523396056385,,0.3132329112530059,,,,
2024-10-21,78.55000305175781,-0.029048188254599205,0.959254031653611,0.34419145375790605,,0.34616905437635914,,,,
2024-10-22,77.29000091552734,-0.016040764955798092,0.46112569295194134,0.35495048671223156,,0.34499585576694336,,,,
2024-10-23,77.68000030517578,0.005045922952888526,0.2546392494736905,0.34853048391399216,,0.3373811590586519,,,,
2024-10-24,78.5999984741211,0.011843436731861168,0.08010154360881437,0.3394129035013211,,0.32739726849372036,,,,
2024-10-25,81.36000061035156,0.03511453167698453,0.1880087295649933,0.3262006982825455,,0.3190894100466193,,,,
2024-10-28,79.68000030517578,-0.020648971147648076,0.5574259093308055,0.34162423507460743,,0.3240843683972799,,,,
2024-10-29,81.73999786376953,0.0258533829154608,0.32779225491614883,0.3420669930183288,,0.3192996555597679,,,,
2024-10-30,116.05000305175781,0.41974560906118974,0.4104097304642118,0.3546473844658205,,0.3176290576190132,,,,
2024-10-31,119.30000305175781,0.02800516944881526,6.663254972923488,0.6450446420328819,,1.194488982860451,,,,
2024-11-01,112.9800033569336,-0.05297568762074811,0.444568282714734,0.6647049515927023,,1.1606571083245787,,,,
2024-11-04,109.02999877929688,-0.034961979644819174,0.8409629698628551,0.6831330988025107,,1.1346867361604818,,,,
2024-11-05,122.56999969482422,0.12418601363956339,0.5550042208961632,0.7050604086292613,,1.1043115685447618,,,,
2024-11-06,121.08000183105469,-0.012156301439824935,1.97139185041656,0.7421584043125563,,1.1237995251970652,,,,
2024-11-07,131.44000244140625,0.0855632677046625,0.19297530283267916,0.7315898697766311,,1.0900766186320399,,,,
2024-11-08,134.8000030517578,0.025562998690976002,1.358274766251488,0.7899492595643299,,1.0827364973242712,,,,
2024-11-11,129.22999572753906,-0.04132052817595333,0.40580002380835306,0.8060496085904885,,1.0521023871560389,,,,
2024-11-12,127.75,-0.011452416439441837,0.6559430495724593,0.8246859863684624,,1.0263586632383155,,,,
2024-11-13,132.05999755859375,0.03373774996942269,0.18180147485706546,0.7983680953056247,,0.9955897410860999,,,,
2024-11-14,131.8800048828125,-0.0013629613744419178,0.5355701772838166,0.8067539278478858,,0.9697072027402956,,,,
2024-11-15,124.77999877929688,-0.05383686564028134,0.021636341060160602,0.8048461564002195,,0.9401734836939714,,,,
2024-11-18,129.4199981689453,0.03718544185799666,0.8546337471082954,0.8236308707703796,,0.9234731040618746,,,,
2024-11-19,137.16000366210938,0.059805328408830905,0.5903005892898646,0.8414034050382818,,0.9011592883955711,,,,
2024-11-20,136.27000427246094,-0.006488767613632707,0.9493801562778766,0.8409545925212029,,0.8890458141805414,,,,
2024-11-21,158.02000427246094,0.15960959358680737,0.10300599252577314,0.8246764243200135,,0.8621465183854259,,,,
2024-11-22,146.6699981689453,-0.07182638777775086,2.5337237489446927,0.9282711742959683,,0.9440823603337029,,,,
2024-11-25,141.89999389648438,-0.032522017672397374,1.1402085577921082,0.9764578567588451,,0.9363846856743925,,,,
2024-11-26,135.61000061035156,-0.044326945431169995,0.5162710253712669,0.9913788702045849,,0.9122518160797138,,,,
2024-11-27,140.0399932861328,0.03266715327662273,0.7036684439400395,0.9980262581413682,,0.8928189355934392,,,,
2024-11-29,140.69000244140625,0.0046415965898065625,0.5185749816622351,1.0066982002661904,,0.8702676099896682,,,,
2024-12-02,141.63999938964844,0.006752412621769954,0.07368306157748188,0.9913924425895208,,0.8438522655205735,,,,
2024-12-03,149.8300018310547,0.05782266645508627,0.10719122728138168,0.693389545060334,,0.8183557576255787,,,,
2024-12-04,154.22999572753906,0.02936657440240653,0.9179063734967702,0.7149049128231539,,0.8091973434161648,,,,
2024-12-05,153.08999633789062,-0.0073915543099822845,0.46617991635985756,0.6978693194821086,,0.7886900732155758,,,,
2024-12-06,162.75999450683594,0.06316544777754318,0.11733728703864453,0.6779753679431304,,0.7649334290389919,,,,
2024-12-09,167.1699981689453,0.027095132778000686,1.0027203976285008,0.6339448473618551,,0.7616949571083408,,,,
2024-12-10,155.92999267578125,-0.06723697802403927,0.4301218984251869,0.6447242380706054,,0.7422389107614659,,,,
2024-12-11,165.9199981689453,0.06406724788306684,1.067353936554738,0.6315005639934804,,0.742994493509765,,,,
2024-12-12,163.50999450683594,-0.014525094555843832,1.0170360304975452,0.6592840188429892,,0.7415856234869903,,,,
2024-12-13,172.64999389648438,0.0558987199358405,0.2305787277867658,0.6399492769436395,,0.7201022699839696,,,,
2024-12-16,178.10000610351562,0.03156682536750566,0.8873646693424942,0.6720203312384316,,0.7148824547950673,,,,
2024-12-17,168.7899932861328,-0.05227407354479052,0.5011078176133504,0.6704538603443196,,0.6985175588842334,,,,
2024-12-18,160.64999389648438,-0.04822560408453547,0.8298251916948982,0.7071897171913532,,0.6923217956474845,,,,
2024-12-19,163.72000122070312,0.019109912485878677,0.7655577314012496,0.7031408073864873,,0.6842026452799571,,,,
2024-12-20,170.7100067138672,0.042694878090925314,0.3033604560830586,0.6900980740589053,,0.665436767250693,,,,
2024-12-23,168.61000061035156,-0.012301599325899581,0.6777601781088511,0.6777517114148587,,0.6557579519208395,,,,
2024-12-24,177.41000366210938,0.0521914656301683,0.1952818352681406,0.681946067903148,,0.6366800074390118,,,,
2024-12-26,176.74000549316406,-0.003776552365228336,0.8285138317044018,0.6044365262104076,,0.6337450599728197,,,,
2024-12-27,173.5399932861328,-0.018105760481913147,0.05995091022964171,0.5553339058666591,,0.6145263674787899,,,,
2024-12-30,165.52999877929688,-0.04615647583683524,0.287420037197059,0.5449315882223769,,0.5978815980447524,,,,
2024-12-31,163.44000244140625,-0.012626088040254557,0.7327113387565677,0.5462517198049464,,0.5933975380316194,,,,
2025-01-02,165.91000366210938,0.015112586782961124,0.20043293391672265,0.5317907176346958,,0.5763667241291971,,,,
2025-01-03,177.74000549316406,0.07130372834628806,0.2399048777675808,0.5393462547342458,,0.5603510642032519,,,,
2025-01-06,179.49000549316406,0.009845841937184518,1.1319115965359103,0.5859244533367244,,0.5775728803498899,,,,
2025-01-07,172.32000732421875,-0.03994650370222641,0.15629789528304402,0.5513058861451913,,0.5606316769063494,,,,
2025-01-08,172.00999450683594,-0.0017990529492000196,0.6341310872556724,0.5589400302768194,,0.5545386114568558,,,,
2025-01-10,167.0800018310547,-0.028661082688339556,0.028559080194123423,0.5549046572384321,,0.5376678862760486,,,,
2025-01-13,164.64999389648438,-0.014543978381251432,0.45498058259523017,0.5300073929187378,,0.527211314837572,,,,
2025-01-14,164.82000732421875,0.0010325747588018075,0.23087849922174625,0.520950874773127,,0.5127122104117303,,,,
2025-01-15,170.69000244140625,0.03561457866969131,0.016391616131232516,0.47317986020842207,,0.497101038638371,,,,
2025-01-16,174.8699951171875,0.024488796156741266,0.5653639092500927,0.45264930924262875,,0.4918048053393773,,,,
2025-01-17,175.3300018310547,0.002630564000181579,0.3887475872285503,0.459838802853619,,0.481553101079091,,,,
2025-01-21,188.32000732421875,0.07408889156164511,0.04175890891391836,0.4214021773795928,,0.4669390752588246,,,,
2025-01-22,183.74000549316406,-0.024320314639588947,1.176124691907269,0.4520847625747709,,0.4964355474084943,,,,
2025-01-23,181.99000549316406,-0.009524327569834012,0.3860730260591749,0.43191420959132903,,0.4859351078183585,,,,
2025-01-24,182.39999389648438,0.002252807247350219,0.15119401292938178,0.40398858602442594,,0.4718588159144471,,,,
2025-01-27,180.8300018310547,-0.008607412927440605,0.03576220636951592,0.3918250292192649,,0.45752602733499814,,,,
2025-01-28,194.75,0.07697836657630774,0.13663844422590174,0.3672285867700399,,0.44421882409553853,,,,
2025-01-29,202.0,0.037227214377406836,1.2219936857572613,0.4138973072468181,,0.47988394315802246,,,,
2025-01-30,198.92999267578125,-0.015198056060488851,0.5909637074778403,0.40309957432742893,,0.47639104323393533,,,,
2025-01-31,199.5500030517578,0.003116726480692389,0.24126166048602918,0.41134097206635567,,0.463764742271036,,,,
2025-02-03,202.30999755859375,0.013831092280765622,0.04947649903512969,0.4005253566953588,,0.4497182559358697,,,,
2025-02-04,215.30999755859375,0.06425782292956073,0.2195617832117459,0.37720037689786695,,0.43767332616701016,,,,
2025-02-05,221.16000366210938,0.02717015544957979,1.0200613155722498,0.4144562124276636,,0.45965227796413466,,,,
2025-02-06,216.50999450683594,-0.02102554294752934,0.4313128464153268,0.42315657463892487,,0.45186759873202653,,,,
2025-02-07,225.22999572753906,0.040275282628709386,0.3337701469156237,0.3868774178380027,,0.44189969733637424,,,,
2025-02-10,224.92999267578125,-0.001331985336982977,0.6393502909104287,0.4088343449119748,,0.4425176672069014,,,,
2025-02-11,213.75999450683594,-0.049659887665785774,0.02114461170984913,0.3809713232962555,,0.4290524274269456,,,,
2025-02-12,216.47000122070312,0.01267780119530526,0.7883262773944381,0.4155061958962698,,0.43781797124034816,,,,
2025-02-13,204.9499969482422,-0.0532175553540819,0.20125385480337077,0.4039731628148216,,0.4259091391444307,,,,
2025-02-14,196.3800048828125,-0.04181503875598469,0.8448025010982877,0.43187879926375533,,0.4380929320294984,,,,
2025-02-18,187.1300048828125,-0.04710255509729633,0.663793161665179,0.4613061422425711,,0.44003242256992176,,,,
2025-02-19,189.66000366210938,0.013520005949239744,0.7477298814189833,0.46959550461388433,,0.4458517917481035,,,,
2025-02-20,175.44000244140625,-0.07497627831979226,0.21462344079481271,0.46168077068507807,,0.4338648264527245,,,,
2025-02-21,166.39999389648438,-0.0515276357679092,1.190211519980004,0.5138831620971729,,0.4684468702464293,,,,
2025-02-24,165.57000732421875,-0.004987900256666733,0.8179758593340267,0.49760366970748005,,0.4757609244385794,,,,
2025-02-25,159.99000549316406,-0.03370176713302875,0.0791804618612125,0.48365400769848177,,0.4614711650314776,,,,
2025-02-26,168.10000610351562,0.05069067024126128,0.5349989674644261,0.5010996874500747,,0.45690810327878706,,,,
2025-02-27,159.77999877929688,-0.04949439037554415,0.8046894434973593,0.5360509255013404,,0.4643973158466706,,,,
2025-02-28,161.77999877929688,0.012517211260982597,0.7856990893586315,0.5655536820982826,,0.47036652380694166,,,,
2025-03-03,162.4499969482422,0.004141415341826882,0.198704568627703,0.5190405404105753,,0.4573341140598833,,,,
2025-03-04,159.1699981689453,-0.020190820812030608,0.0657429304218089,0.4951668687262103,,0.44354806544158815,,,,
2025-03-05,168.52000427246094,0.05874226431536056,0.3205193438094012,0.49876949069545445,,0.433604396504737,,,,
2025-03-06,150.72000122070312,-0.10562546048229982,0.9325045369636076,0.5389071287831126,,0.45035424684560743,,,,
2025-03-07,133.97999572753906,-0.11106691452749695,1.6767522033170752,0.6051430569697185,,0.5243994177462652,,,,
2025-03-10,107.29000091552734,-0.1992088047702908,1.7631326083621435,0.6389190248238046,,0.5930886630283548,,,,
2025-03-11,122.7300033569336,0.14390905312381008,3.162341738379642,0.7630567017312735,,0.7941417194612906,,,,
2025-03-12,130.67999267578125,0.06477624950214356,2.2844853958583062,0.8517255766832136,,0.8656717692464597,,,,
2025-03-13,121.52999877929688,-0.07001832269141328,1.02829108227686,0.8694047035635059,,0.857989412430469,,,,
2025-03-14,128.2100067138672,0.054965917894078675,1.1115064143561015,0.9189666036837901,,0.8538386716510664,,,,
2025-03-17,125.55999755859375,-0.020669284895894258,0.8725568959927638,0.922795268165532,,0.841509782876457,,,,
2025-03-18,110.0999984741211,-0.12312837993850789,0.3281147256724786,0.9285616713868553,,0.8178509460728577,,,,
2025-03-19,109.91000366210938,-0.001725656808763465,1.9546024359093979,0.9790071229691784,,0.8621841336203195,,,,
2025-03-20,108.75,-0.010554122677272515,0.027393952585400852,0.9500798861928247,,0.8359319974195096,,,,
2025-03-21,115.69999694824219,0.06390801791487077,0.1675415034631817,0.9237076871948339,,0.8109854935278843,,,,
2025-03-24,124.94000244140625,0.07986176090650665,1.0145083331148521,0.9600660913911994,,0.8056751437202778,,,,
2025-03-25,125.43000030517578,0.003921865328915253,1.2677661517339012,0.9635913019254674,,0.8114078021812672,,,,
2025-03-26,120.19999694824219,-0.04169659048241092,0.06225768201477775,0.9292404756836834,,0.7867629533241204,,,,
2025-03-27,110.2300033569336,-0.08294504030313454,0.6619128536145722,0.9557283116724723,,0.7713624613716304,,,,
2025-03-28,107.70999908447266,-0.02286132809323216,1.316711694769941,0.9912607083681775,,0.7818643965668343,,,,
2025-03-31,104.9000015258789,-0.02608854871858257,0.36291233265208045,0.9711799306024832,,0.7606473423193036,,,,
2025-04-01,110.05000305175781,0.04909438942771027,0.4141428718557737,0.9542910116250805,,0.7409552929590578,,,,
2025-04-02,109.5,-0.004997755897372724,0.7793492711656802,0.9806839526495339,,0.7309551422544306,,,,
2025-04-03,96.9000015258789,-0.11506847921571772,0.07933691530712805,0.981301861053412,,0.7088205168960735,,,,
2025-04-04,86.91000366210938,-0.10309595156302986,1.8266554784831626,1.049762594447674,,0.756558682968231,,,,
2025-04-07,93.0,0.07007244369206855,1.6365974940800267,1.0817668197711476,,0.786378864833623,,,,
2025-04-08,88.88999938964844,-0.044193554950016756,1.1123655586067405,1.0561128813752232,,0.7863898079151529,,,,
2025-04-09,110.86000061035156,0.24715942593719498,0.7015509356976712,1.0078591689813836,,0.7720554420860004,,,,
2025-04-10,102.01000213623047,-0.07983040253830487,3.9235342512918314,1.0424588286592102,,1.0110039861183229,,,,
2025-04-11,101.1500015258789,-0.00843055183160435,1.2672683530712048,0.9962216903507058,,1.0044801584457423,,,,
2025-04-14,98.26000213623047,-0.028571422106296707,0.13383086136879116,0.9555644075821573,,0.9741554734087131,,,,
2025-04-15,96.45999908447266,-0.018318776843320617,0.45355726498028603,0.9256576280650748,,0.9477402486801523,,,,
2025-04-16,95.37999725341797,-0.011196369907788384,0.2908015671018911,0.8992142040245806,,0.9202477116369728,,,,
2025-04-17,96.16000366210938,0.00817788248220408,0.1777368621761715,0.8923788465929302,,0.8927442027210184,,,,
2025-04-21,94.1500015258789,-0.020902683648944986,0.12981985979414157,0.8094341840422367,,0.865839635661464,,,,
2025-04-22,101.66000366210938,0.07976635172083557,0.33181981601378746,0.8232717232889816,,0.8414277805673027,,,,
2025-04-23,107.16999816894531,0.05420021944077136,1.26625157786544,0.8732130903072659,,0.8447617765199804,,,,
2025-04-24,112.25,0.047401342893059084,0.8604018098724561,0.8662082483417026,,0.832474533999687,,,,
2025-04-25,118.0999984741211,0.05211579932401866,0.7524729906331997,0.8427858319280344,,0.8175692550613006,,,,
2025-04-28,121.20999908447266,0.026333621088344472,0.8273126663322089,0.8775610584879175,,0.8055108348423453,,,,
2025-04-29,122.13999938964844,0.007672636846797198,0.41803327511739324,0.8664756231016821,,0.7843209785022127,,,,
2025-04-30,116.56999969482422,-0.04560340365693738,0.12179933398041705,0.8121614248839766,,0.7607199785810089,,,,
2025-05-01,118.79000091552734,0.019044361555417444,0.723931590086099,0.8285713911309774,,0.748127997790011,,,,
2025-05-02,113.83000183105469,-0.041754348398395535,0.3023198673218027,0.8234885272885243,,0.7272246489758013,,,,
2025-05-05,116.33000183105469,0.02196257541759916,0.6628297321062161,0.818192184604003,,0.7143561060747075,,,,
2025-05-06,109.98999786376953,-0.05450016218939546,0.3486450762328076,0.8304334646460795,,0.6952215252597455,,,,
2025-05-07,105.52999877929688,-0.040549133294799034,0.8651632533949553,0.7867292725966155,,0.6904985261998507,,,,
2025-05-08,107.83000183105469,0.021794779478468307,0.6436975354634843,0.7415974562958635,,0.6786835177886442,,,,
2025-05-09,108.45999908447266,0.005842504337568721,0.345981398277127,0.7067618126445174,,0.660731210188761,,,,
2025-05-12,111.20999908447266,0.025354969788061732,0.09274688106613801,0.6790889010703568,,0.6408040634303743,,,,
2025-05-13,112.83999633789062,0.01465693073317853,0.4024976673526045,0.5190417836185738,,0.6251817239915728,,,,
2025-05-14,125.31999969482422,0.11059911167989744,0.23267156222093993,0.4720146567617436,,0.6074743932119943,,,,
2025-05-15,113.58999633789062,-0.09360041003429753,1.7557064683780066,0.5457362752621624,,0.662841448762006,,,,
2025-05-16,113.2300033569336,-0.0031692313809587036,1.4858604453865558,0.5926591470988111,,0.6922649037182443,,,,
2025-05-19,107.98999786376953,-0.04627753543948998,0.0503099884874312,0.5817277117072447,,0.6712322906066696,,,,
2025-05-20,105.63999938964844,-0.021761260492713763,0.7346331003712121,0.6070411770797466,,0.6631064729292895,,,,
2025-05-21,95.8499984741211,-0.09267323903910074,0.34544930087409315,0.6168425153106535,,0.6456838540326922,,,,
2025-05-22,98.31999969482422,0.02576944454902641,1.471142062129818,0.6686298901341093,,0.6758853083223718,,,,
2025-05-23,100.76000213623047,0.02481694923697897,0.40907725020595737,0.629667420695042,,0.6591145719104896,,,,
2025-05-27,104.62000274658203,0.038308857964618914,0.393956855882163,0.6084653773318469,,0.6426679997474278,,,,
2025-05-28,105.43000030517578,0.00774228194732296,0.6081342671116661,0.6019045262626862,,0.6319300966328962,,,,
2025-05-29,109.02999877929688,0.03414586421038224,0.1229049156765686,0.5698859921419752,,0.613048674052524,,,,
2025-05-30,112.3499984741211,0.0304503323121621,0.5420487900123138,0.5755230610008353,,0.6017420235239672,,,,
2025-06-02,112.11000061035156,-0.002136162590378743,0.48338403982353206,0.5919587294482497,,0.589387528711729,,,,
2025-06-03,110.86000061035156,-0.011149763564309412,0.03391052984485015,0.5605941358009201,,0.5714625947355564,,,,
2025-06-04,118.20999908447266,0.06629982350401309,0.17699700940999097,0.5548976422594741,,0.5549010412597758,,,,
2025-06-05,112.23999786376953,-0.050503352228579046,1.0524770697545616,0.5726088848798535,,0.5680418075515982,,,,
2025-06-06,121.29000091552734,0.08063081988599285,0.801715862231519,0.5932030115161585,,0.5679732873397362,,,,
2025-06-09,117.52999877929688,-0.03100009982561658,1.279974584553471,0.6120580720233638,,0.5936228465420625,,,,
2025-06-10,117.08999633789062,-0.0037437458178869454,0.4921113285405495,0.6051677898905031,,0.5818161270460258,,,,
2025-06-11,115.02999877929688,-0.017593283995407605,0.059430122435801785,0.5921427318977156,,0.5641855754385866,,,,
2025-06-12,116.19999694824219,0.010171243861265555,0.2792847251806881,0.6006217248120134,,0.5491329897689343,,,,
2025-06-13,118.18000030517578,0.017039616255889678,0.16146349068660606,0.5896656258726497,,0.5331381920198135,,,,
2025-06-16,126.19999694824219,0.06786255392076823,0.27049552229434576,0.5913848967850773,,0.5190155938988585,,,,
2025-06-17,133.83999633789062,0.06053882388588172,1.0772846460483843,0.5605475412246399,,0.5366850303165923,,,,
2025-06-18,141.16000366210938,0.05469222597510215,0.9610240359982796,0.5366913407979002,,0.5463112559639962,,,,
2025-06-20,139.14999389648438,-0.014239230047317863,0.8682121714720042,0.5738687127517443,,0.5506018528212063,,,,
2025-06-23,134.13999938964844,-0.036004273996324776,0.2260407693974493,0.5507508795256643,,0.5352620752428014,,,,
2025-06-24,140.7899932861328,0.049575025546015894,0.5715501307782301,0.5610281899758522,,0.528313587182286,,,,
2025-06-25,141.67999267578125,0.00632146766169428,0.7869791330065927,0.5299298750157058,,0.5300456737781795,,,,
2025-06-26,143.9499969482422,0.016022052440781698,0.10035018812268032,0.5158968267391931,,0.5141921976471387,,,,
2025-06-27,143.00999450683594,-0.006530062253104707,0.2543421975068628,0.5095507059039521,,0.5004704764088497,,,,
2025-06-30,150.57000732421875,0.052863527779671626,0.10366152460491104,0.48662012669909965,,0.48555620399907296,,,,
2025-07-01,152.22999572753906,0.01102469497624381,0.8391824875833938,0.5191781981494099,,0.49269235333164,,,,
2025-07-02,159.33999633789062,0.046705648097612906,0.1750116071249056,0.5024946898363459,,0.4786437940770096,,,,
2025-07-03,157.02999877929688,-0.014497286379342222,0.7414291781302845,0.5142240143048347,,0.48150327672552456,,,,
2025-07-07,153.3699951171875,-0.02330767172235315,0.2301372866701411,0.5231434123423478,,0.4685334313462049,,,,
2025-07-08,145.9600067138672,-0.048314459406864185,0.3699978181036736,0.5319161763738789,,0.45875822965234136,,,,
2025-07-09,145.64999389648438,-0.0021239572699565112,0.7669682659145272,0.5189385034720592,,0.46419691522555756,,,,
2025-07-10,143.0,-0.01819426026456117,0.03371677638979565,0.4840294541156172,,0.45009349491959066,,,,
2025-07-11,145.58999633789062,0.018111862502731668,0.2888249276928786,0.43897719698559023,,0.4392399117617838,,,,
2025-07-14,146.3800048828125,0.005426255682350556,0.2875169037745435,0.4296774504053173,,0.4287607458456436,,,,
2025-07-15,144.8000030517578,-0.0107938364417981,0.08613913851450401,0.4308914965907128,,0.41596662015472646,,,,
2025-07-16,144.30999755859375,-0.0033840157654480008,0.17134684150382445,0.4259852291508554,,0.4043851227985147,,,,
2025-07-17,142.52000427246094,-0.012403806502775616,0.053719584888583756,0.4210877788873089,,0.39217631456060886,,,,
2025-07-18,148.24000549316406,0.04013472529630291,0.19690432390146048,0.41774272441490495,,0.38175550471909886,,,,
2025-07-21,146.2899932861328,-0.013154426165487232,0.6371190124314637,0.3977351956141359,,0.38622616242349916,,,,
2025-07-22,145.8000030517578,-0.003349444643261479,0.2088200416418412,0.3635441049615705,,0.37620284943325355,,,,
2025-07-23,146.10000610351562,0.0020576340567792784,0.05317078533748397,0.32649676922818327,,0.364858442219444,,,,
2025-07-24,148.1300048828125,0.013894583808973682,0.03266392802048957,0.3177069128019578,,0.3537886231255652,,,,
2025-07-25,149.66000366210938,0.010328756692523422,0.2205696799757337,0.30175325594729885,,0.34513176610337704,,,,
2025-07-28,151.60000610351562,0.01296273148426641,0.16396392936546605,0.2734343830545204,,0.3358206439741412,,,,
2025-07-29,144.85000610351562,-0.04452506417045232,0.20577698291685662,0.27822651009061933,,0.32753518837676876,,,,
2025-07-30,149.3300018310547,0.030928515973533965,0.7068134814252556,0.29879338663236443,,0.34033821497627886,,,,
2025-07-31,160.58999633789062,0.07540343111744541,0.49097497011755775,0.3163985432465756,,0.34075209049586697,,,,
2025-08-01,188.63999938964844,0.17466843322381664,1.1969923604264985,0.3326626283758076,,0.39003716396549615,,,,
2025-08-04,201.75999450683594,0.06955044083777406,2.772775417221065,0.4507428015619967,,0.6112689713605265,,,,
2025-08-05,199.08999633789062,-0.013233536090599185,1.104079020189966,0.46722688529198225,,0.6227362880963144,,,,
2025-08-06,212.80999755859375,0.06891356408193339,0.21007587277034023,0.46631500284199134,,0.6048606547055808,,,,
2025-08-07,211.82000732421875,-0.004651991192765381,1.0939689151194536,0.4992227799790723,,0.6162857020340818,,,,
2025-08-08,215.44000244140625,0.01708995841760408,0.07384807078391963,0.46771731656404464,,0.5976480474882335,,,,
2025-08-11,220.75,0.024647221957017518,0.271294679336492,0.4785163121525308,,0.5813434625396561,,,,
2025-08-12,224.02000427246094,0.014813156387138982,0.3912625188412744,0.48317256629563965,,0.5676928737537943,,,,
2025-08-13,234.77000427246094,0.04798678597883366,0.23515156759366665,0.4807923237419635,,0.551903591914787,,,,
2025-08-14,243.47000122070312,0.03705753200969175,0.7617666115036504,0.5115026634232883,,0.5511173844058901,,,,
2025-08-15,246.5,0.012445060024254051,0.5882700833967599,0.5304537198729672,,0.5439562480947481,,,,
2025-08-18,241.75999450683594,-0.019229231209590525,0.19755920325268608,0.5369918843440629,,0.5284940728281929,,,,
2025-08-19,228.17999267578125,-0.0561714185126303,0.3052545821012297,0.5419168960804159,,0.5151145860005065,,,,
2025-08-20,218.3699951171875,-0.04299236512174265,0.8916936250448966,0.5534884693810265,,0.5227580512399749,,,,
2025-08-21,218.64999389648438,0.001282221850793297,0.6824826383197091,0.5750185874118388,,0.5204352965319301,,,,
2025-08-22,217.30999755859375,-0.006128499315325886,0.020354640856872188,0.5735269444809018,,0.5045930571716517,,,,
2025-08-25,219.72999572753906,0.011136156624790283,0.09728691059029146,0.5764643527795291,,0.4895112321839509,,,,
2025-08-26,219.42999267578125,-0.0013653258890051756,0.17678100594155713,0.5744739585052484,,0.4755854469704115,,,,
2025-08-27,211.10000610351562,-0.03796193250834945,0.021673876565195226,0.5680062288325088,,0.46111247980899867,,,,
2025-08-28,225.5399932861328,0.06840353749462391,0.6026269962270664,0.5860448658011547,,0.4590882429238606,,,,
2025-08-29,225.0800018310547,-0.002039511699792218,1.0858724940471427,0.6032748209203315,,0.4832078911848475,,,,
2025-09-02,220.05999755859375,-0.02230319989169438,0.032376244521940996,0.5824294243023488,,0.46852099288440574,,,,
2025-09-03,223.13999938964844,0.013996191335204466,0.35405232212631627,0.5441139680159769,,0.4583686255963393,,,,
2025-09-04,232.11000061035156,0.04019898380047793,0.2221826494501685,0.42817793311729974,,0.44606798025268896,,,,
2025-09-05,240.0,0.0339925008353843,0.6381390845614723,0.40699884513418644,,0.44637953488445137,,,,
2025-09-08,229.97999572753906,-0.04175001780192056,0.5396142219094933,0.42197786100414797,,0.44275830095939395,,,,
2025-09-09,240.1999969482422,0.044438652972282444,0.6627609860184079,0.40237750059046407,,0.4443538927723995,,,,
2025-09-10,259.0299987792969,0.0783930144475069,0.7054417461801639,0.431086304017566,,0.4478088887218269,,,,
2025-09-11,260.5400085449219,0.005829478333556182,1.2444505245167807,0.47532066061667,,0.48472729034817474,,,,
2025-09-12,254.2899932861328,-0.023988696759835393,0.09254009966297336,0.46174236883583825,,0.4702337964769819,,,,
2025-09-15,263.6400146484375,0.03676912819681366,0.3808087554183923,0.4683631501005985,,0.4606550696500641,,,,
2025-09-16,266.6600036621094,0.011454972105425787,0.5836918148005306,0.4602688411595475,,0.45792116313029385,,,,
2025-09-17,266.4700012207031,-0.0007125269586623073,0.18184204479683155,0.44179483940500536,,0.4450868230151527,,,,
2025-09-18,270.7099914550781,0.015911698183478595,0.01131101481029799,0.4333290126576241,,0.4315321325140223,,,,
2025-09-19,264.4800109863281,-0.02301348552103144,0.25259037798121536,0.43093518519762347,,0.4206671362015751,,,,
2025-09-22,257.55999755859375,-0.02616459898775525,0.36532775693660946,0.407009463919974,,0.41273129298719574,,,,
2025-09-23,237.4499969482422,-0.07807889734808926,0.4153501324519963,0.3948670772896234,,0.40657319755988125,,,,
2025-09-24,235.69000244140625,-0.007412063716385586,1.2394640701511086,0.45028114225754334,,0.4488560955489953,,,,
2025-09-25,232.75,-0.012474022703347964,0.11766286377192868,0.4512073219476177,,0.43565906776529956,,,,
2025-09-26,240.11000061035156,0.031621914545012064,0.19801897152979409,0.45217268401981026,,0.42377734639682374,,,,
2025-09-29,241.97999572753906,0.007788076766623853,0.5019823311950287,0.4740048865029845,,0.4199661805252244,,,,
2025-09-30,229.99000549316406,-0.049549510067250835,0.12363188589580042,0.452232381487927,,0.4077350150700247,,,,
2025-10-01,202.60000610351562,-0.11909212894237065,0.7865740873382222,0.4386279084557033,,0.4181314814857436,,,,
2025-10-02,200.9199981689453,-0.008292240295945219,1.8905289377205026,0.5230893945101834,,0.521120801342312,,,,
2025-10-03,207.1999969482422,0.031256215590925285,0.13163523380795816,0.512979526859349,,0.505759538970393,,,,
2025-10-06,203.6300048828125,-0.017229691689240045,0.49617704027164844,0.5254338173512344,,0.4978261727177005,,,,
2025-10-07,205.9199981689453,0.011245853907682735,0.2735128762562732,0.5088598987919072,,0.4849797141659926,,,,
2025-10-08,202.2899932861328,-0.01762822899713845,0.17852239632175468,0.4924466339924645,,0.4712208729916684,,,,
2025-10-09,211.6999969482422,0.04651739569143798,0.27983945988555536,0.47504111007733485,,0.45942950294220275,,,,
2025-10-10,198.5500030517578,-0.06211617423735427,0.7384407638275943,0.47654106542494534,,0.46343260883732024,,,,
2025-10-13,203.67999267578125,0.025837267918279228,0.9860636965607797,0.4647962096087635,,0.48067998124323014,,,,
2025-10-14,196.35000610351562,-0.03598775940616583,0.4101539128146861,0.4792332011156594,,0.4714200215008146,,,,
2025-10-15,200.75999450683594,0.022459833288700715,0.5712879697868418,0.48789134722331623,,0.4676470087621794,,,,
2025-10-16,198.97000122070312,-0.008916085550459973,0.35653880021923234,0.47756621019689366,,0.4575868210490925,,,,
2025-10-17,194.9499969482422,-0.020204072210874835,0.14153847020816115,0.4757342295337722,,0.4443237007255086,,,,
2025-10-20,202.47999572753906,0.03862528287854272,0.32072970324459454,0.4897987153716948,,0.43435488283329743,,,,
2025-10-21,205.7100067138672,0.015952247404600328,0.6131573568968706,0.5061881235042246,,0.4343076935954077,,,,
2025-10-22,197.0500030517578,-0.04209811569426969,0.2532340769108882,0.5010929562303282,,0.42335517864372474,,,,
2025-10-23,200.82000732421875,0.019132221335062427,0.6682868687487771,0.5125900806074546,,0.42646694012039654,,,,
2025-10-24,214.1999969482422,0.06662677589898602,0.3037145980849161,0.4700560136953549,,0.41680797097393796,,,,
2025-10-27,219.24000549316406,0.023529451992194472,1.0576672781204937,0.5127834870748352,,0.44369466271702085,,,,
2025-10-28,212.97000122070312,-0.028598814611215828,0.3735184707418792,0.5207607370390208,,0.43501556057193763,,,,
2025-10-29,210.77000427246094,-0.010330079051660945,0.4539921075151047,0.5185793632353879,,0.4290308738003762,,,,
2025-10-30,194.4199981689453,-0.07757273697437561,0.16398492116599686,0.5204135921113059,,0.4169294578997435,,,,
2025-10-31,208.9499969482422,0.07473510398179672,1.2314290233169376,0.5406342710194294,,0.4570480124414927,,,,
2025-11-03,204.97999572753906,-0.018999766827881404,1.1863829960543233,0.5086276373073303,,0.4884510732262963,,,,
2025-11-04,187.77000427246094,-0.0839593707375903,0.3016119479687325,0.5163538515873655,,0.4764435715743159,,,,
2025-11-05,196.27000427246094,0.04526814617134578,1.3328136912308255,0.5543827902673281,,0.5164013345710785,,,,
2025-11-06,183.63999938964844,-0.0643501534003107,0.7186095424938098,0.5746144569144889,,0.5159090116317784,,,,
2025-11-07,194.5800018310547,0.05957309125335852,1.0215270163564774,0.612932848734249,,0.5305637616161611,,,,
2025-11-10,204.19000244140625,0.04938842902620344,0.9456935057264629,0.6431989417270175,,0.539850087556786,,,,
2025-11-11,208.2100067138672,0.019687566601672923,0.7840170050849894,0.6452705890568992,,0.5407331226592638,,,,
2025-11-12,202.82000732421875,-0.025887321530399077,0.3125304308882855,0.6146554406172403,,0.5270474641351807,,,,
2025-11-13,189.4199981689453,-0.06606847781961078,0.4109484892740238,0.6146915577290284,,0.5159250405915021,,,,
2025-11-14,193.30999755859375,0.02053637117121565,1.0488045708676623,0.6363968577781566,,0.5321725843135567,,,,
2025-11-17,187.5500030517578,-0.02979667156164567,0.32600478570451724,0.6350089480274878,,0.5190410133451294,,,,
2025-11-18,185.69000244140625,-0.009917358464869075,0.4730074970975102,0.6500757219770036,,0.5098543339931436,,,,
2025-11-19,187.77999877929688,0.011255298133512115,0.15743318496434924,0.6426531529642652,,0.49507364261283093,,,,
2025-11-20,181.8800048828125,-0.03141971421258127,0.1786723187589751,0.6229038330489063,,0.480988306342329,,,,
2025-11-21,183.47999572753906,0.008796958443878733,0.49877250042726995,0.6340646704814691,,0.4742699505590171,,,,
2025-11-24,195.0,0.06278615947630461,0.13964738601763726,0.610035603084599,,0.4604574992501524,,,,
2025-11-25,218.47999572753906,0.12041023450020027,0.9966993825068605,0.6415349114674147,,0.47864614473684897,,,,
2025-11-26,207.55999755859375,-0.049981684284557404,1.911453214766998,0.6803433631331649,,0.5700575459779955,,,,
2025-11-28,216.47000122070312,0.042927364458048345,0.7934346403505053,0.6994304617517388,,0.5695206978136188,,,,
2025-12-01,223.39999389648438,0.032013639934873606,0.6814507847725735,0.7097694925361693,,0.5646448891877437,,,,
2025-12-02,222.75999450683594,-0.0028648138188624994,0.5082007789778494,0.7254156678912534,,0.5544749415305436,,,,
2025-12-03,220.83999633789062,-0.008619133669831358,0.04547750950326849,0.671508780899723,,0.5376411063658547,,,,
2025-12-04,222.75,0.008648812234116399,0.13682450524318363,0.6238015767719439,,0.5218008337058246,,,,
2025-12-05,234.11000061035156,0.05099888040561873,0.1372956378453896,0.6163326535845193,,0.5064632723286744,,,,
2025-12-08,236.9499969482422,0.012131033832328608,0.8095821281759521,0.5925494007183887,,0.5106637250800707,,,,
2025-12-09,236.11000061035156,-0.0035450362891293885,0.19257419199871392,0.5686387029686115,,0.49622911874316034,,,,
2025-12-10,238.11000061035156,0.008470628075176512,0.05627570645841379,0.5247636434277905,,0.4812107091965208,,,,
2025-12-11,233.5399932861328,-0.019192840756391494,0.13446705201263273,0.4878897137135256,,0.46713206215052555,,,,
2025-12-12,224.77999877929688,-0.037509611880921834,0.30467690156566024,0.4661015271899197,,0.45596541766902876,,,,
2025-12-15,218.5,-0.0279384234068929,0.5954466288688374,0.47896135437085385,,0.4539459164024104,,,,
2025-12-16,224.0,0.02517162471395884,0.44350872214718723,0.4804413649559976,,0.4467705013941024,,,,
2025-12-17,227.33999633789062,0.014910697937011719,0.39958715453149474,0.4509314823952627,,0.4386544709483521,,,,
2025-12-18,231.33999633789062,0.017594792225011258,0.23669999169442105,0.44687217357662196,,0.4272627842113612,,,,
2025-12-19,233.19000244140625,0.007996914207664796,0.2793086675833956,0.4380676813259804,,0.4170619588494471,,,,
2025-12-22,233.14999389648438,-0.00017157058408590053,0.1269470774964011,0.43668194916834635,,0.4049539525461184,,,,
2025-12-23,225.82000732421875,-0.03143893100644923,0.0027235985867123335,0.4286842800696071,,0.39261770719293637,,,,
2025-12-24,225.85000610351562,0.00013284376195144,0.4990775575726936,0.42869814630349,,0.39034868568439396,,,,
2025-12-26,225.77000427246094,-0.00035422549874986053,0.0021088293440986484,0.4224463937274201,,0.3784572684537024,,,,
2025-12-29,234.64999389648438,0.03933201690206367,0.005623155466379712,0.3773974743164892,,0.3669292280522683,,,,
2025-12-30,233.36000061035156,-0.0054975210726060375,0.6243764117126976,0.31889398326856644,,0.37182551284196225,,,,
2025-12-31,229.8699951171875,-0.014955457165049646,0.08727044151271583,0.2867956105941215,,0.36081497083551234,,,,
2026-01-02,241.88999938964844,0.052290444719995444,0.23741052241200256,0.2666119623050046,,0.35223161310826145,,,,
2026-01-05,244.0500030517578,0.008929693941707395,0.8300850760444707,0.2812430667171238,,0.370532481330085,,,,
2026-01-06,253.80999755859375,0.03999178194956232,0.14175449672206725,0.28561929340888736,,0.3600826164335343,,,,
2026-01-07,255.5,0.006658533775904862,0.6348498571491825,0.3082568094046146,,0.36602042491073183,,,,
2026-01-08,253.9499969482422,-0.006066548147780071,0.1057009468042089,0.3068206870845609,,0.3553419129083732,,,,
2026-01-09,244.55999755859375,-0.03697578067528873,0.09630346629375353,0.27439892972627916,,0.34492032890774177,,,,
2026-01-12,244.02000427246094,-0.0022080196742045866,0.5869723211956914,0.29232611741705083,,0.349525287313652,,,,
2026-01-13,258.92999267578125,0.06110150046007101,0.035051225687299174,0.2913613682910911,,0.3389317166274868,,,,
2026-01-14,252.3800048828125,-0.02529636572913474,0.9699562497014794,0.32933815000422045,,0.3690618915763865,,,,
2026-01-15,228.75,-0.09362867273809827,0.40156735675816574,0.3337422616038798,,0.3645160754829837,,,,
2026-01-16,231.00999450683594,0.009879757406933143,1.486309101900366,0.3742360103780402,,0.4372334542554372,,,,
2026-01-20,225.36000061035156,-0.02445778983955249,0.15683628667436078,0.3612054451292754,,0.42478304642895887,,,,
2026-01-21,210.1300048828125,-0.06758074053199792,0.38825537720242936,0.3606903643415906,,0.417296615705492,,,,
2026-01-22,214.5399932861328,0.020986952366844225,1.0728109971914965,0.39869541004600306,,0.4452145332548703,,,,
2026-01-23,218.8800048828125,0.0202293825510258,0.33315754043896934,0.40114308608489285,,0.43549149266846904,,,,
2026-01-26,213.6300048828125,-0.02398574507895701,0.321131492438422,0.4099696504004392,,0.4258725546903515,,,,
2026-01-27,196.3000030517578,-0.08112157204022497,0.3807618989370694,0.42715320950727365,,0.4181324856772577,,,,
2026-01-28,193.13999938964844,-0.016097827880706572,1.2877650334862751,0.4630026402306182,,0.4627038496576626,,,,
2026-01-29,190.0500030517578,-0.015998738467720153,0.2555450953240292,0.47452247050243324,,0.4507862688803471,,,,
2026-01-30,180.27000427246094,-0.05146013481848466,0.2539720996581006,0.4858110588747842,,0.43926167533776833,,,,
2026-02-02,177.14999389648438,-0.017307429422706244,0.8169043149813983,0.49456232720517973,,0.44876915006533963,,,,
2026-02-03,165.41000366210938,-0.06627146846663245,0.2747469245176975,0.5030839855235879,,0.43769247334550226,,,,
2026-02-04,152.69000244140625,-0.07689983035540493,1.052026947490611,0.5401120048453429,,0.46182576811747683,,,,
2026-02-05,151.0500030517578,-0.01074071231531859,1.2207469619007432,0.5578693632933553,,0.4951694175140024,,,,
2026-02-06,139.8300018310547,-0.07428004630267071,0.17050352214013054,0.5591761371759946,,0.4809920274293044,,,,
2026-02-09,141.74000549316406,0.0136594696209551,1.1791591793473772,0.5839174700031852,,0.5091017793434777,,,,
2026-02-10,149.97999572753906,0.0581345415199126,0.21683735794853343,0.5889691250551999,,0.4950192901503095,,,,
2026-02-11,139.2899932861328,-0.07127618846466854,0.9228572366666858,0.6265397509812423,,0.5058571103994719,,,,
2026-02-12,131.07000732421875,-0.05901347087459741,1.131474414468502,0.6512898461300064,,0.528152403848649,,,,
2026-02-13,139.64999389648438,0.06546109783180154,0.9368098076216288,0.692278872581567,,0.5371560689960808,,,,
2026-02-17,139.22999572753906,-0.0030075058166965096,1.0391627124732983,0.6954246208893768,,0.5510174391084268,,,,
2026-02-18,147.4600067138672,0.05911090453836931,0.04774267474535504,0.6793416807978855,,0.5342952236350869,,,,
2026-02-19,146.1300048828125,-0.009019407096837018,0.9383565190836268,0.6544347452153064,,0.5429166524859168,,,,
2026-02-20,150.1699981689453,0.027646569158556122,0.14317864890889087,0.653813943498694,,0.5269610856778935,,,,
